Workbook

Sheet Instrucoes
A1: Coleta de dados — Estudo comparativo de ferramentas de IA generativa
A2: 15 problemas × 3 ferramentas × 2 execuções = 90 coletas · Beecrowd · Python 3
A4: FERRAMENTAS AVALIADAS
A5: Ferramenta 1 | B5: ChatGPT | C5: GPT-5.6 Luna | D5: ← confirme o modelo na interface a cada execução
A6: Ferramenta 2 | B6: Gemini | C6: Gemini 3.6 Flash
A7: Ferramenta 3 | B7: Claude | C7: Claude Sonnet 5
A9: O QUE ESTE ESTUDO MEDE
A10: • Corretude — veredito do juiz: aceito de primeira, rodadas até aceitar, resultado final
A11: • Autocorreção — o que acontece quando a ferramenta recebe o veredito de erro de volta
A12: • Qualidade do código — Pylint e Radon (preenchido por mim, não por você)
A13: • Eficiência — tempo de execução do programa, reportado pelo Beecrowd
A14: • Consistência — concordância entre a Execução 1 e a Execução 2
A17: COMO PREENCHER
A18: 1. Só as células amarelas. ID, nível e ferramenta já vêm por fórmula.
A19: 2. Execução 1: linhas 3 a 47. Execução 2: linhas 48 a 92 (em verde), em outra data.
A20: 3. Registre o veredito de CADA tentativa, não só da primeira — é o que mede autocorreção.
A21: 4. Não há cronometragem. Nenhum campo depende de você medir tempo.
A22: 5. Salve os códigos em ..\codigos como 1131_chatgpt_1.py e me avise ao terminar.
... A30: • Nunca corrija o código por conta própria. Nenhuma intervenção manual.

Sheet Problemas
A1: Problemas selecionados
A2: Escala de dificuldade do Beecrowd (1-10), agrupada como em Souza e Gheyi (2023).
A4: Nº | B4: ID | C4: Título | D4: Faixa | E4: Nível | F4: Categoria | G4: Link
A5: 1 | B5: 1131 | C5: Grenais | D5: Fácil | E5: 1 | F5: Iniciante | G5: https://judge.beecrowd.com/en/problems/view/1131
A6: 2 | B6: 1961 | C6: Jumping Frog | D6: Fácil | E6: 2 | F6: Iniciante | G6: https://judge.beecrowd.com/en/problems/view/1961
A7: 3 | B7: 2551 | C7: New Record | D7: Fácil | E7: 3 | F7: Iniciante | G7: https://judge.beecrowd.com/en/problems/view/2551
A8: 4 | B8: 1253 | C8: Caesar Cipher | D8: Fácil | E8: 3 | F8: Strings | G8: https://judge.beecrowd.com/en/problems/view/1253
A9: 5 | B9: 2437 | C9: Manhattan Distance | D9: Fácil | E9: 4 | F9: Ad-Hoc | G9: https://judge.beecrowd.com/en/problems/view/2437
A10: 6 | B10: 2867 | C10: Digits | D10: Médio | E10: 5 | F10: Iniciante | G10: https://judge.beecrowd.com/en/problems/view/2867
A11: 7 | B11: 2253 | C11: Passwords Validator | D11: Médio | E11: 5 | F11: Strings | G11: https://judge.beecrowd.com/en/problems/view/2253
A12: 8 | B12: 1032 | C12: Joseph's Cousin | D12: Médio | E12: 6 | F12: Ad-Hoc | G12: https://judge.beecrowd.com/en/problems/view/1032
A13: 9 | B13: 1033 | C13: How Many Calls? | D13: Médio | E13: 6 | F13: Paradigmas | G13: https://judge.beecrowd.com/en/problems/view/1033
A14: 10 | B14: 1243 | C14: How Easy | D14: Médio | E14: 7 | F14: Strings | G14: https://judge.beecrowd.com/en/problems/view/1243
A15: 11 | B15: 1084 | C15: Erasing and Winning | D15: Difícil | E15: 8 | F15: Paradigmas | G15: https://judge.beecrowd.com/en/problems/view/1084
A16: 12 | B16: 1034 | C16: Ice Statues Festival | D16: Difícil | E16: 8 | F16: Paradigmas | G16: https://judge.beecrowd.com/en/problems/view/1034
... A19: 15 | B19: 1141 | C19: Growing Strings | D19: Difícil | E19: 10 | F19: Strings | G19: https://judge.beecrowd.com/en/problems/view/1141

Sheet Coleta
A1: ID Problema | B1: Faixa | C1: Ferramenta | D1: Execução | E1: Data da coleta | F1: Modelo / versão exibida | G1: Aceito na 1ª tentativa | H1: Rodadas até Accepted (1-3) | I1: Resultado final | J1: Veredito 1ª tentativa | K1: Veredito 2ª tentativa | L1: Veredito 3ª tentativa | M1: Score Pylint (0-10) | N1: Complexidade ciclomática (total) | O1: Índice de manutenibilidade | P1: LOC | Q1: Densidade de comentários (%) | R1: Forma do código | S1: Tempo de execução (s) | T1: Observações
A2: 1131 | B2: Fácil | C2: ChatGPT | D2: 1 | E2: 12/09/2026 | F2: GPT-5.6 Luna | G2: Não | H2: 2 | I2: Accepted | J2: Wrong Answer | K2: Accepted | L2: - | M2: 9.12 | N2: 5 | O2: 64.3 | P2: 18 | Q2: 0 | R2: script linear | S2: 0.048 | T2: EXEMPLO — apague o conteúdo desta linha
A3: =IF(Problemas!$B$5="","",Problemas!$B$5) -> 1131 | B3: =IF(Problemas!$D$5="","",Problemas!$D$5) -> Fácil | C3: =Instrucoes!$B$5 -> ChatGPT | D3: 1 | E3: 09/09/2026 | F3: GPT-5.6 Luna | G3: Sim | H3: 1 | I3: Accepted | J3: Accepted | K3: - | L3: - | M3: 10 | N3: 7 | O3: 54.66 | P3: 25 | Q3: 0 | R3: script linear | S3: 0
A4: =IF(Problemas!$B$5="","",Problemas!$B$5) -> 1131 | B4: =IF(Problemas!$D$5="","",Problemas!$D$5) -> Fácil | C4: =Instrucoes!$B$6 -> Gemini | D4: 1 | E4: 09/09/2026 | F4: Gemini 3.6 Flash | G4: Sim | H4: 1 | I4: Accepted | J4: Accepted | K4: - | L4: - | M4: 8.42 | N4: 10 | O4: 47.27 | P4: 41 | Q4: 0 | R4: com funções | S4: 0
A5: =IF(Problemas!$B$5="","",Problemas!$B$5) -> 1131 | B5: =IF(Problemas!$D$5="","",Problemas!$D$5) -> Fácil | C5: =Instrucoes!$B$7 -> Claude | D5: 1 | E5: 09/09/2026 | F5: Claude Sonnet 5 | G5: Sim | H5: 1 | I5: Accepted | J5: Accepted | K5: - | L5: - | M5: 9.14 | N5: 8 | O5: 49.43 | P5: 34 | Q5: 0 | R5: com funções | S5: 0
A6: =IF(Problemas!$B$6="","",Problemas!$B$6) -> 1961 | B6: =IF(Problemas!$D$6="","",Problemas!$D$6) -> Fácil | C6: =Instrucoes!$B$5 -> ChatGPT | D6: 1 | E6: 09/09/2026 | F6: GPT-5.6 Luna | G6: Sim | H6: 1 | I6: Accepted | J6: Accepted | K6: - | L6: - | M6: 10 | N6: 4 | O6: 68.55 | P6: 8 | Q6: 0 | R6: script linear | S6: 0
A7: =IF(Problemas!$B$6="","",Problemas!$B$6) -> 1961 | B7: =IF(Problemas!$D$6="","",Problemas!$D$6) -> Fácil | C7: =Instrucoes!$B$6 -> Gemini | D7: 1 | E7: 09/09/2026 | F7: Gemini 3.6 Flash | G7: Sim | H7: 1 | I7: Accepted | J7: Accepted | K7: - | L7: - | M7: 8 | N7: 6 | O7: 59.6 | P7: 15 | Q7: 0 | R7: com funções | S7: 0
A8: =IF(Problemas!$B$6="","",Problemas!$B$6) -> 1961 | B8: =IF(Problemas!$D$6="","",Problemas!$D$6) -> Fácil | C8: =Instrucoes!$B$7 -> Claude | D8: 1 | E8: 09/09/2026 | F8: Claude Sonnet 5 | G8: Sim | H8: 1 | I8: Accepted | J8: Accepted | K8: - | L8: - | M8: 8.12 | N8: 5 | O8: 60.62 | P8: 14 | Q8: 0 | R8: com funções | S8: 0
A9: =IF(Problemas!$B$7="","",Problemas!$B$7) -> 2551 | B9: =IF(Problemas!$D$7="","",Problemas!$D$7) -> Fácil | C9: =Instrucoes!$B$5 -> ChatGPT | D9: 1 | E9: 09/09/2026 | F9: GPT-5.6 Luna | G9: Não | I9: Falha | J9: Presentation Error | K9: Presentation Error | L9: Presentation Error | M9: 9.5 | N9: 6 | O9: 68.48 | P9: 20 | Q9: 0.0476 | R9: com funções | T9: Presentation Error nas três tentativas admitidas pelo protocolo: 49939457 (1ª), 49939477 (2ª) e 49939484 (3ª). Esgotado o limite de três tentativas, a coleta é encerrada como Falha. Houve uma QUARTA submissão (49939491, 11h23), aceita, que NÃO é computada por exceder o limite de três tentativas declarado no método, seguindo Souza e Gheyi (2023). O erro de apresentação decorre da ausência de quebra de linha final: a solução usa sys.stdout.write sem '\n' ao término. Métricas de qualidade medidas sobre a primeira resposta, como nas demais coletas.
A10: =IF(Problemas!$B$7="","",Problemas!$B$7) -> 2551 | B10: =IF(Problemas!$D$7="","",Problemas!$D$7) -> Fácil | C10: =Instrucoes!$B$6 -> Gemini | D10: 1 | E10: 09/09/2026 | F10: Gemini 3.6 Flash | G10: Sim | H10: 1 | I10: Accepted | J10: Accepted | K10: - | L10: - | M10: 6.19 | N10: 6 | O10: 55.82 | P10: 21 | Q10: 0 | R10: com funções | S10: 0
A11: =IF(Problemas!$B$7="","",Problemas!$B$7) -> 2551 | B11: =IF(Problemas!$D$7="","",Problemas!$D$7) -> Fácil | C11: =Instrucoes!$B$7 -> Claude | D11: 1 | E11: 09/09/2026 | F11: Claude Sonnet 5 | G11: Sim | H11: 1 | I11: Accepted | J11: Accepted | K11: - | L11: - | M11: 8.57 | N11: 5 | O11: 56.36 | P11: 18 | Q11: 0 | R11: com funções | S11: 0
A12: =IF(Problemas!$B$8="","",Problemas!$B$8) -> 1253 | B12: =IF(Problemas!$D$8="","",Problemas!$D$8) -> Fácil | C12: =Instrucoes!$B$5 -> ChatGPT | D12: 1 | E12: 09/09/2026 | F12: GPT-5.6 Luna | G12: Sim | H12: 1 | I12: Accepted | J12: Accepted | K12: - | L12: - | M12: 6.67 | N12: 3 | O12: 71.29 | P12: 9 | Q12: 0 | R12: script linear | S12: 0.781
A13: =IF(Problemas!$B$8="","",Problemas!$B$8) -> 1253 | B13: =IF(Problemas!$D$8="","",Problemas!$D$8) -> Fácil | C13: =Instrucoes!$B$6 -> Gemini | D13: 1 | E13: 09/09/2026 | F13: Gemini 3.6 Flash | G13: Sim | H13: 1 | I13: Accepted | J13: Accepted | K13: - | L13: - | M13: 8.18 | N13: 7 | O13: 66.49 | P13: 23 | Q13: 0.0417 | R13: com funções | S13: 0.132
A14: =IF(Problemas!$B$8="","",Problemas!$B$8) -> 1253 | B14: =IF(Problemas!$D$8="","",Problemas!$D$8) -> Fácil | C14: =Instrucoes!$B$7 -> Claude | D14: 1 | E14: 09/09/2026 | F14: Claude Sonnet 5 | G14: Sim | H14: 1 | I14: Accepted | J14: Accepted | K14: - | L14: - | M14: 8.5 | N14: 4 | O14: 57.2 | P14: 17 | Q14: 0 | R14: com funções | S14: 0.093
A15: =IF(Problemas!$B$9="","",Problemas!$B$9) -> 2437 | B15: =IF(Problemas!$D$9="","",Problemas!$D$9) -> Fácil | C15: =Instrucoes!$B$5 -> ChatGPT | D15: 1 | E15: 09/09/2026 | F15: GPT-5.6 Luna | G15: Sim | H15: 1 | I15: Accepted | J15: Accepted | K15: - | L15: - | M15: 10 | N15: 1 | O15: 83.28 | P15: 2 | Q15: 0 | R15: script linear | S15: 0
A16: =IF(Problemas!$B$9="","",Problemas!$B$9) -> 2437 | B16: =IF(Problemas!$D$9="","",Problemas!$D$9) -> Fácil | C16: =Instrucoes!$B$6 -> Gemini | D16: 1 | E16: 09/09/2026 | F16: Gemini 3.6 Flash | G16: Sim | H16: 1 | I16: Accepted | J16: Accepted | K16: - | L16: - | M16: 6 | N16: 3 | O16: 65.78 | P16: 10 | Q16: 0 | R16: com funções | S16: 0
A17: =IF(Problemas!$B$9="","",Problemas!$B$9) -> 2437 | B17: =IF(Problemas!$D$9="","",Problemas!$D$9) -> Fácil | C17: =Instrucoes!$B$7 -> Claude | D17: 1 | E17: 09/09/2026 | F17: Claude Sonnet 5 | G17: Sim | H17: 1 | I17: Accepted | J17: Accepted | K17: - | L17: - | M17: 10 | N17: 1 | O17: 83.28 | P17: 2 | Q17: 0 | R17: script linear | S17: 0
A18: =IF(Problemas!$B$10="","",Problemas!$B$10) -> 2867 | B18: =IF(Problemas!$D$10="","",Problemas!$D$10) -> Médio | C18: =Instrucoes!$B$5 -> ChatGPT | D18: 1 | E18: 09/09/2026 | F18: GPT-5.6 Luna | G18: Sim | H18: 1 | I18: Accepted | J18: Accepted | K18: - | L18: - | M18: 10 | N18: 4 | O18: 59.95 | P18: 17 | Q18: 0 | R18: com funções | S18: 0
A19: =IF(Problemas!$B$10="","",Problemas!$B$10) -> 2867 | B19: =IF(Problemas!$D$10="","",Problemas!$D$10) -> Médio | C19: =Instrucoes!$B$6 -> Gemini | D19: 1 | E19: 09/09/2026 | F19: Gemini 3.6 Flash | G19: Sim | H19: 1 | I19: Accepted | J19: Accepted | K19: - | L19: - | M19: 7 | N19: 6 | O19: 55.66 | P19: 21 | Q19: 0 | R19: com funções | S19: 0
A20: =IF(Problemas!$B$10="","",Problemas!$B$10) -> 2867 | B20: =IF(Problemas!$D$10="","",Problemas!$D$10) -> Médio | C20: =Instrucoes!$B$7 -> Claude | D20: 1 | E20: 09/09/2026 | F20: Claude Sonnet 5 | G20: Sim | H20: 1 | I20: Accepted | J20: Accepted | K20: - | L20: - | M20: 8.24 | N20: 3 | O20: 61.01 | P20: 14 | Q20: 0 | R20: com funções | S20: 0.015 | T20: A interface do Claude exibiu atividade própria antes de responder (indicador "Pensou por Ns" e, neste problema, "Executou um comando" — a ferramenta executou código antes de responder), recurso que não apareceu nas outras duas ferramentas nesta coleta. Registrado como diferença de capacidade entre as ferramentas, não como desvio de protocolo.
A21: =IF(Problemas!$B$11="","",Problemas!$B$11) -> 2253 | B21: =IF(Problemas!$D$11="","",Problemas!$D$11) -> Médio | C21: =Instrucoes!$B$5 -> ChatGPT | D21: 1 | E21: 09/09/2026 | F21: GPT-5.6 Luna | G21: Sim | H21: 1 | I21: Accepted | J21: Accepted | K21: - | L21: - | M21: 10 | N21: 11 | O21: 68.71 | P21: 12 | Q21: 0 | R21: script linear | S21: 0.032
A22: =IF(Problemas!$B$11="","",Problemas!$B$11) -> 2253 | B22: =IF(Problemas!$D$11="","",Problemas!$D$11) -> Médio | C22: =Instrucoes!$B$6 -> Gemini | D22: 1 | E22: 09/09/2026 | F22: Gemini 3.6 Flash | G22: Sim | H22: 1 | I22: Accepted | J22: Accepted | K22: - | L22: - | M22: 8 | N22: 12 | O22: 70.49 | P22: 27 | Q22: 0.069 | R22: com funções | S22: 0
A23: =IF(Problemas!$B$11="","",Problemas!$B$11) -> 2253 | B23: =IF(Problemas!$D$11="","",Problemas!$D$11) -> Médio | C23: =Instrucoes!$B$7 -> Claude | D23: 1 | E23: 09/09/2026 | F23: Claude Sonnet 5 | G23: Sim | H23: 1 | I23: Accepted | J23: Accepted | K23: - | L23: - | M23: 10 | N23: 12 | O23: 52.33 | P23: 27 | Q23: 0 | R23: com funções | S23: 0.001
A24: =IF(Problemas!$B$12="","",Problemas!$B$12) -> 1032 | B24: =IF(Problemas!$D$12="","",Problemas!$D$12) -> Médio | C24: =Instrucoes!$B$5 -> ChatGPT | D24: 1 | E24: 09/09/2026 | F24: GPT-5.6 Luna | G24: Não | H24: 2 | I24: Accepted | J24: Wrong Answer | K24: Accepted | L24: - | M24: 9.52 | N24: 21 | O24: 37.73 | P24: 63 | Q24: 0 | R24: com funções | S24: 0.002 | T24: Aceito na 2ª tentativa (autocorreção). 1ª: submissão 49939682, Wrong answer (75%), árvore de Fenwick, 84 linhas. 2ª: submissão 49939684, Accepted, 0,002 s, simulação direta com lista, 51 linhas — a ferramenta trocou de estratégia em vez de corrigir a anterior. Código da 2ª tentativa: codigos/correcoes/1032_chatgpt_1_tentativa2.py. DESVIO DE PROTOCOLO: o prompt de correção foi digitado como "O veredito foi Wrong answer (75%) . corrija", e não na forma padronizada "O código retornou [VEREDITO]. Corrija." O conteúdo informado é o mesmo — veredito realimentado e pedido de correção —, mas a redação difere.
A25: =IF(Problemas!$B$12="","",Problemas!$B$12) -> 1032 | B25: =IF(Problemas!$D$12="","",Problemas!$D$12) -> Médio | C25: =Instrucoes!$B$6 -> Gemini | D25: 1 | E25: 09/09/2026 | F25: Gemini 3.6 Flash | G25: Sim | H25: 1 | I25: Accepted | J25: Accepted | K25: - | L25: - | M25: 8.28 | N25: 9 | O25: 52.25 | P25: 29 | Q25: 0 | R25: com funções | S25: 0
A26: =IF(Problemas!$B$12="","",Problemas!$B$12) -> 1032 | B26: =IF(Problemas!$D$12="","",Problemas!$D$12) -> Médio | C26: =Instrucoes!$B$7 -> Claude | D26: 1 | E26: 09/09/2026 | F26: Claude Sonnet 5 | G26: Sim | H26: 1 | I26: Accepted | J26: Accepted | K26: - | L26: - | M26: 9.79 | N26: 17 | O26: 51.52 | P26: 48 | Q26: 0.0204 | R26: com funções | S26: 0.012 | T26: A interface do Claude exibiu atividade própria antes de responder ("Pensou por 4s"), recurso que não apareceu no ChatGPT nem no Gemini nesta coleta. Registrado como diferença de capacidade entre as ferramentas, não como desvio de protocolo.
A27: =IF(Problemas!$B$13="","",Problemas!$B$13) -> 1033 | B27: =IF(Problemas!$D$13="","",Problemas!$D$13) -> Médio | C27: =Instrucoes!$B$5 -> ChatGPT | D27: 1 | E27: 09/09/2026 | F27: GPT-5.6 Luna | G27: Sim | H27: 1 | I27: Accepted | J27: Accepted | K27: - | L27: - | M27: 10 | N27: 9 | O27: 67.89 | P27: 41 | Q27: 0.1277 | R27: com funções | S27: 0.04
A28: =IF(Problemas!$B$13="","",Problemas!$B$13) -> 1033 | B28: =IF(Problemas!$D$13="","",Problemas!$D$13) -> Médio | C28: =Instrucoes!$B$6 -> Gemini | D28: 1 | E28: 09/09/2026 | F28: Gemini 3.6 Flash | G28: Sim | H28: 1 | I28: Accepted | J28: Accepted | K28: - | L28: - | M28: 7.43 | N28: 10 | O28: 59.59 | P28: 54 | Q28: 0.0847 | R28: com funções | S28: 0.099
A29: =IF(Problemas!$B$13="","",Problemas!$B$13) -> 1033 | B29: =IF(Problemas!$D$13="","",Problemas!$D$13) -> Médio | C29: =Instrucoes!$B$7 -> Claude | D29: 1 | E29: 09/09/2026 | F29: Claude Sonnet 5 | G29: Sim | H29: 1 | I29: Accepted | J29: Accepted | K29: - | L29: - | M29: 9.26 | N29: 6 | O29: 49.14 | P29: 26 | Q29: 0 | R29: com funções | S29: 0.005 | T29: A interface do Claude exibiu atividade própria antes de responder ("Pensou por 15s"), recurso que não apareceu no ChatGPT nem no Gemini nesta coleta. Registrado como diferença de capacidade entre as ferramentas, não como desvio de protocolo.
A30: =IF(Problemas!$B$14="","",Problemas!$B$14) -> 1243 | B30: =IF(Problemas!$D$14="","",Problemas!$D$14) -> Médio | C30: =Instrucoes!$B$5 -> ChatGPT | D30: 1 | E30: 09/09/2026 | F30: GPT-5.6 Luna | G30: Sim | H30: 1 | I30: Accepted | J30: Accepted | K30: - | L30: - | M30: 10 | N30: 11 | O30: 57.39 | P30: 17 | Q30: 0 | R30: script linear | S30: 0.09
A31: =IF(Problemas!$B$14="","",Problemas!$B$14) -> 1243 | B31: =IF(Problemas!$D$14="","",Problemas!$D$14) -> Médio | C31: =Instrucoes!$B$6 -> Gemini | D31: 1 | E31: 09/09/2026 | F31: Gemini 3.6 Flash | G31: Sim | H31: 1 | I31: Accepted | J31: Accepted | K31: - | L31: - | M31: 9.62 | N31: 10 | O31: 66.83 | P31: 29 | Q31: 0.0645 | R31: com funções | S31: 0.029
A32: =IF(Problemas!$B$14="","",Problemas!$B$14) -> 1243 | B32: =IF(Problemas!$D$14="","",Problemas!$D$14) -> Médio | C32: =Instrucoes!$B$7 -> Claude | D32: 1 | E32: 09/09/2026 | F32: Claude Sonnet 5 | G32: Sim | H32: 1 | I32: Accepted | J32: Accepted | K32: - | L32: - | M32: 9.26 | N32: 11 | O32: 51.73 | P32: 29 | Q32: 0 | R32: com funções | S32: 0.082 | T32: A interface do Claude exibiu atividade própria antes de responder ("Pensou por 7s"), recurso que não apareceu no ChatGPT nem no Gemini nesta coleta. Registrado como diferença de capacidade entre as ferramentas, não como desvio de protocolo.
A33: =IF(Problemas!$B$15="","",Problemas!$B$15) -> 1084 | B33: =IF(Problemas!$D$15="","",Problemas!$D$15) -> Difícil | C33: =Instrucoes!$B$5 -> ChatGPT | D33: 1 | E33: 09/09/2026 | F33: GPT-5.6 Luna | G33: Sim | H33: 1 | I33: Accepted | J33: Accepted | K33: - | L33: - | M33: 9.57 | N33: 11 | O33: 53.14 | P33: 23 | Q33: 0 | R33: com funções | S33: 0.095
A34: =IF(Problemas!$B$15="","",Problemas!$B$15) -> 1084 | B34: =IF(Problemas!$D$15="","",Problemas!$D$15) -> Difícil | C34: =Instrucoes!$B$6 -> Gemini | D34: 1 | E34: 09/09/2026 | F34: Gemini 3.6 Flash | G34: Sim | H34: 1 | I34: Accepted | J34: Accepted | K34: - | L34: - | M34: 6.3 | N34: 10 | O34: 50.87 | P34: 27 | Q34: 0 | R34: com funções | S34: 0.097
A35: =IF(Problemas!$B$15="","",Problemas!$B$15) -> 1084 | B35: =IF(Problemas!$D$15="","",Problemas!$D$15) -> Difícil | C35: =Instrucoes!$B$7 -> Claude | D35: 1 | E35: 09/09/2026 | F35: Claude Sonnet 5 | G35: Sim | H35: 1 | I35: Accepted | J35: Accepted | K35: - | L35: - | M35: 9.2 | N35: 8 | O35: 52.37 | P35: 22 | Q35: 0 | R35: com funções | S35: 0.131 | T35: Submissão 49940062 (1ª e válida). A submissão 49940440, às 13h22, é o MESMO código reenviado — byte a byte idêntico, 609 B — e não constitui nova tentativa.
A36: =IF(Problemas!$B$16="","",Problemas!$B$16) -> 1034 | B36: =IF(Problemas!$D$16="","",Problemas!$D$16) -> Difícil | C36: =Instrucoes!$B$5 -> ChatGPT | D36: 1 | E36: 09/09/2026 | F36: GPT-5.6 Luna | G36: Não | I36: Falha | J36: Time Limit Exceeded | K36: Time Limit Exceeded | L36: Presentation Error | M36: 9.63 | N36: 7 | O36: 67.3 | P36: 27 | Q36: 0.069 | R36: com funções | T36: Três tentativas esgotadas sem aceitação: 49940064 (TLE), 49940075 (TLE) e 49940088 (Presentation error). Códigos: codigos/correcoes/1034_chatgpt_1_tentativa2.py e _tentativa3.py.
A37: =IF(Problemas!$B$16="","",Problemas!$B$16) -> 1034 | B37: =IF(Problemas!$D$16="","",Problemas!$D$16) -> Difícil | C37: =Instrucoes!$B$6 -> Gemini | D37: 1 | E37: 09/09/2026 | F37: Gemini 3.6 Flash | G37: Não | I37: Falha | J37: Time Limit Exceeded | K37: Time Limit Exceeded | L37: Time Limit Exceeded | M37: 5.83 | N37: 8 | O37: 52.59 | P37: 24 | Q37: 0 | R37: com funções | T37: Três tentativas esgotadas, todas Time limit exceeded: 49940334, 49940355 e 49940363. Códigos: codigos/correcoes/1034_gemini_1_tentativa2.py e _tentativa3.py.
A38: =IF(Problemas!$B$16="","",Problemas!$B$16) -> 1034 | B38: =IF(Problemas!$D$16="","",Problemas!$D$16) -> Difícil | C38: =Instrucoes!$B$7 -> Claude | D38: 1 | E38: 09/09/2026 | F38: Claude Sonnet 5 | G38: Não | I38: Falha | J38: Time Limit Exceeded | K38: Runtime Error | L38: Time Limit Exceeded | M38: 7.59 | N38: 10 | O38: 50.44 | P38: 26 | Q38: 0 | R38: com funções | T38: Três tentativas esgotadas: 49940429 (TLE), 49940516 (Runtime error) e 49940553 (TLE). Códigos: codigos/correcoes/1034_claude_1_tentativa2.py (confere com 49940516) e _tentativa3.py (confere com 49940553). Houve duas submissões adicionais fora do protocolo: 49940460, byte a byte idêntica a 49940429 (mesmo código reenviado), e 49940478 (706 B), que não corresponde a nenhuma versão salva do Claude — colagem equivocada. Nenhuma das cinco foi aceita, de modo que o desfecho Falha não depende da leitura adotada.
A39: =IF(Problemas!$B$17="","",Problemas!$B$17) -> 1027 | B39: =IF(Problemas!$D$17="","",Problemas!$D$17) -> Difícil | C39: =Instrucoes!$B$5 -> ChatGPT | D39: 1 | E39: 09/09/2026 | F39: GPT-5.6 Luna | G39: Não | I39: Falha | J39: Wrong Answer | K39: Presentation Error | L39: Wrong Answer | M39: 10 | N39: 10 | O39: 47.7 | P39: 41 | Q39: 0 | R39: com funções | T39: Três tentativas esgotadas sem aceitação: 49940570 (Wrong answer 5%), 49940610 (Presentation error 100%) e 49943694 (Wrong answer 5%). A 3ª tentativa retornou ao mesmo veredito da 1ª. Códigos: codigos/correcoes/1027_chatgpt_1_tentativa2.txt e _tentativa3.py.
A40: =IF(Problemas!$B$17="","",Problemas!$B$17) -> 1027 | B40: =IF(Problemas!$D$17="","",Problemas!$D$17) -> Difícil | C40: =Instrucoes!$B$6 -> Gemini | D40: 1 | E40: 09/09/2026 | F40: Gemini 3.6 Flash | G40: Não | H40: 2 | I40: Accepted | J40: Wrong Answer | K40: Accepted | L40: - | M40: 7.44 | N40: 29 | O40: 48.48 | P40: 88 | Q40: 0.0638 | R40: com funções | S40: 0.195 | T40: Autocorreção bem-sucedida: 49940635 (Wrong answer 5%) e 49940645 (Accepted). Código da 2ª tentativa: codigos/correcoes/1027_gemini_1_ tentativa2.py.
A41: =IF(Problemas!$B$17="","",Problemas!$B$17) -> 1027 | B41: =IF(Problemas!$D$17="","",Problemas!$D$17) -> Difícil | C41: =Instrucoes!$B$7 -> Claude | D41: 1 | E41: 09/09/2026 | F41: Claude Sonnet 5 | G41: Sim | H41: 1 | I41: Accepted | J41: Accepted | K41: - | L41: - | M41: 7.54 | N41: 17 | O41: 53.87 | P41: 54 | Q41: 0.0357 | R41: com funções | S41: 1.812
A42: =IF(Problemas!$B$18="","",Problemas!$B$18) -> 1092 | B42: =IF(Problemas!$D$18="","",Problemas!$D$18) -> Difícil | C42: =Instrucoes!$B$5 -> ChatGPT | D42: 1 | E42: 09/09/2026 | F42: GPT-5.6 Luna | G42: Não | I42: Falha | J42: Wrong Answer | K42: Time Limit Exceeded | L42: Time Limit Exceeded | M42: 8.22 | N42: 28 | O42: 59.27 | P42: 74 | Q42: 0.1685 | R42: com funções | T42: Três tentativas esgotadas: 49940664 (Wrong answer 50%), 49943715 (TLE) e 49943749 (TLE). Ao receber o veredito, a ferramenta trocou um erro de corretude por um de desempenho e não recuperou. Códigos: codigos/correcoes/1092_chatgpt_1_tentativa2.py e _tentativa3.py.
A43: =IF(Problemas!$B$18="","",Problemas!$B$18) -> 1092 | B43: =IF(Problemas!$D$18="","",Problemas!$D$18) -> Difícil | C43: =Instrucoes!$B$6 -> Gemini | D43: 1 | E43: 09/09/2026 | F43: Gemini 3.6 Flash | G43: Não | I43: Falha | J43: Time Limit Exceeded | K43: Wrong Answer | L43: Wrong Answer | M43: 5.51 | N43: 25 | O43: 66.53 | P43: 50 | Q43: 0.2188 | R43: com funções | T43: Três tentativas esgotadas: 49940675 (TLE), 49940695 (Wrong answer 35%) e 49940726 (Wrong answer 35%). Códigos: codigos/correcoes/1092_gemini_1_tentativa2.py e _tentativa3.py.
A44: =IF(Problemas!$B$18="","",Problemas!$B$18) -> 1092 | B44: =IF(Problemas!$D$18="","",Problemas!$D$18) -> Difícil | C44: =Instrucoes!$B$7 -> Claude | D44: 1 | E44: 09/09/2026 | F44: Claude Sonnet 5 | G44: Não | I44: Falha | J44: Runtime Error | K44: Time Limit Exceeded | L44: Time Limit Exceeded | M44: 8.36 | N44: 18 | O44: 42.11 | P44: 72 | Q44: 0.0137 | R44: com funções | T44: Três tentativas esgotadas: 49940735 (Runtime error, solução com numpy), 49943785 (TLE) e 49943838 (TLE). Códigos: codigos/correcoes/1092_claude_1_tentativa2.py e _tentativa3.py.
A45: =IF(Problemas!$B$19="","",Problemas!$B$19) -> 1141 | B45: =IF(Problemas!$D$19="","",Problemas!$D$19) -> Difícil | C45: =Instrucoes!$B$5 -> ChatGPT | D45: 1 | E45: 09/09/2026 | F45: GPT-5.6 Luna | G45: Não | I45: Falha | J45: Time Limit Exceeded | K45: Time Limit Exceeded | L45: Runtime Error | M45: 9.45 | N45: 35 | O45: 40.69 | P45: 131 | Q45: 0.0507 | R45: com funções | T45: Três tentativas esgotadas: 49940762 (TLE, 6,000 s), 49943869 (TLE) e 49943902 (Runtime error — TypeError: ord() expected string of length 1, but int found, linha 18). Códigos: codigos/correcoes/1141_chatgpt_1_tentativa2.py (confere com 49943869) e _tentativa3.py (confere com 49943902). Na coleta inicial a interface indicou raciocínio longo e "Pesquisou 10 sites" — houve busca na web durante a geração, recurso ausente nas outras duas ferramentas.
A46: =IF(Problemas!$B$19="","",Problemas!$B$19) -> 1141 | B46: =IF(Problemas!$D$19="","",Problemas!$D$19) -> Difícil | C46: =Instrucoes!$B$6 -> Gemini | D46: 1 | E46: 09/09/2026 | F46: Gemini 3.6 Flash | G46: Não | I46: Falha | J46: Time Limit Exceeded | K46: Time Limit Exceeded | L46: Não extraível | M46: 5.58 | N46: 20 | O46: 40.19 | P46: 52 | Q46: 0 | R46: com funções | T46: Três tentativas: 49940785 (TLE) e 49943912 (TLE, código em codigos/correcoes/1141_gemini_1_tentativa2.py). Na 3ª tentativa a ferramenta NÃO PRODUZIU CÓDIGO: respondeu, na mesma conversa em que havia escrito duas soluções e recebido o enunciado completo, que "não incluiu o código nem a descrição do problema, envie-os aqui", e entregou um texto genérico sobre causas de Time Limit Exceeded — texto que discute cin/cout em C++ e Scanner em Java, embora a coleta seja toda em Python 3. Verificado no DOM: zero blocos de código na resposta; não houve o que submeter. Transcrição integral em codigos/correcoes/1141_gemini_1_tentativa3_RESPOSTA_SEM_CODIGO.txt. Classificada como Não extraível, distinta das falhas de entrega por renderização: aqui a resposta foi renderizada corretamente e não continha solução.
A47: =IF(Problemas!$B$19="","",Problemas!$B$19) -> 1141 | B47: =IF(Problemas!$D$19="","",Problemas!$D$19) -> Difícil | C47: =Instrucoes!$B$7 -> Claude | D47: 1 | E47: 09/09/2026 | F47: Claude Sonnet 5 | G47: Não | I47: Falha | J47: Memory Limit Exceeded | K47: Time Limit Exceeded | L47: Time Limit Exceeded | M47: 9.47 | N47: 22 | O47: 38.93 | P47: 135 | Q47: 0.0288 | R47: com funções | T47: Três tentativas esgotadas: 49940802 (Memory limit exceeded), 49943934 (TLE) e 49943997 (TLE). Códigos: codigos/correcoes/1141_claude_1_tentativa2.py (confere com 49943934) e _tentativa3.py (confere com 49943997). A coleta inicial exibiu "Pensou por 7m 20s" antes de responder.
A48: =IF(Problemas!$B$5="","",Problemas!$B$5) -> 1131 | B48: =IF(Problemas!$D$5="","",Problemas!$D$5) -> Fácil | C48: =Instrucoes!$B$5 -> ChatGPT | D48: 2 | E48: 15/09/2026 | F48: GPT-5.6 Luna | G48: Sim | H48: 1 | I48: Accepted | J48: Accepted | K48: - | L48: - | M48: 10 | N48: 7 | O48: 55.45 | P48: 23 | Q48: 0 | R48: script linear | S48: 0 | T48: Submissão 49994746. Código em codigos/1131_chatgpt_2.py (conferido por checksum contra o código submetido).
A49: =IF(Problemas!$B$5="","",Problemas!$B$5) -> 1131 | B49: =IF(Problemas!$D$5="","",Problemas!$D$5) -> Fácil | C49: =Instrucoes!$B$6 -> Gemini | D49: 2 | E49: 15/09/2026 | F49: Gemini 3.6 Flash | G49: Sim | H49: 1 | I49: Accepted | J49: Accepted | K49: - | L49: - | M49: 10 | N49: 10 | O49: 47.79 | P49: 39 | Q49: 0 | R49: com funções | S49: 0 | T49: Submissão 49994750. Código em codigos/1131_gemini_2.py. Imprime "Não houve vencedor" com acento, aceito pelo juiz.
A50: =IF(Problemas!$B$5="","",Problemas!$B$5) -> 1131 | B50: =IF(Problemas!$D$5="","",Problemas!$D$5) -> Fácil | C50: =Instrucoes!$B$7 -> Claude | D50: 2 | E50: 15/09/2026 | F50: Claude Sonnet 5 | G50: Sim | H50: 1 | I50: Accepted | J50: Accepted | K50: - | L50: - | M50: 9.12 | N50: 7 | O50: 50.33 | P50: 33 | Q50: 0 | R50: com funções | S50: 0 | T50: Submissão 49994760. Código em codigos/1131_claude_2.py. Imprime "Não houve vencedor" com acento, aceito pelo juiz. O ChatGPT, no mesmo problema, imprimiu sem acento.
A51: =IF(Problemas!$B$6="","",Problemas!$B$6) -> 1961 | B51: =IF(Problemas!$D$6="","",Problemas!$D$6) -> Fácil | C51: =Instrucoes!$B$5 -> ChatGPT | D51: 2 | E51: 15/09/2026 | F51: GPT-5.6 Luna | G51: Sim | H51: 1 | I51: Accepted | J51: Accepted | K51: - | L51: - | M51: 10 | N51: 4 | O51: 68.55 | P51: 8 | Q51: 0 | R51: script linear | S51: 0 | T51: Submissão 49994763. Código em codigos/1961_chatgpt_2.py.
A52: =IF(Problemas!$B$6="","",Problemas!$B$6) -> 1961 | B52: =IF(Problemas!$D$6="","",Problemas!$D$6) -> Fácil | C52: =Instrucoes!$B$6 -> Gemini | D52: 2 | E52: 15/09/2026 | F52: Gemini 3.6 Flash | G52: Sim | H52: 1 | I52: Accepted | J52: Accepted | K52: - | L52: - | M52: 7.33 | N52: 6 | O52: 59.6 | P52: 15 | Q52: 0 | R52: com funções | S52: 0 | T52: Submissão 49994766. Código em codigos/1961_gemini_2.py.
A53: =IF(Problemas!$B$6="","",Problemas!$B$6) -> 1961 | B53: =IF(Problemas!$D$6="","",Problemas!$D$6) -> Fácil | C53: =Instrucoes!$B$7 -> Claude | D53: 2 | E53: 15/09/2026 | F53: Claude Sonnet 5 | G53: Sim | H53: 1 | I53: Accepted | J53: Accepted | K53: - | L53: - | M53: 8.12 | N53: 5 | O53: 60.62 | P53: 14 | Q53: 0 | R53: com funções | S53: 0 | T53: Submissão 49994771. Código em codigos/1961_claude_2.py.
A54: =IF(Problemas!$B$7="","",Problemas!$B$7) -> 2551 | B54: =IF(Problemas!$D$7="","",Problemas!$D$7) -> Fácil | C54: =Instrucoes!$B$5 -> ChatGPT | D54: 2 | E54: 15/09/2026 | F54: GPT-5.6 Luna | G54: Não | I54: Falha | J54: Presentation Error | K54: Presentation Error | L54: Presentation Error | M54: 10 | N54: 5 | O54: 55.74 | P54: 22 | Q54: 0 | R54: script linear | T54: Três tentativas esgotadas, todas Presentation error (100%): 49994778, 49994799 e 49994817. Códigos das correções em codigos/correcoes/2551_chatgpt_2_tentativa2.py e _tentativa3.py, ambos conferidos por checksum contra o que foi submetido. As três versões terminam com sys.stdout.write("\n".join(...)), sem quebra de linha final — que é a única causa do Presentation error. Entre as tentativas a ferramenta reescreveu o algoritmo duas vezes (comparação por divisão em ponto flutuante na 2ª, comparação por produto cruzado na 3ª) e renomeou as variáveis, mas nunca alterou a instrução de saída. Presentation error (100%) significa conteúdo integralmente correto e formatação divergente: o que ela corrigiu já estava certo, e o que estava errado ficou intacto nas três tentativas.
A55: =IF(Problemas!$B$7="","",Problemas!$B$7) -> 2551 | B55: =IF(Problemas!$D$7="","",Problemas!$D$7) -> Fácil | C55: =Instrucoes!$B$6 -> Gemini | D55: 2 | E55: 15/09/2026 | F55: Gemini 3.6 Flash | G55: Sim | H55: 1 | I55: Accepted | J55: Accepted | K55: - | L55: - | M55: 7.62 | N55: 6 | O55: 55.82 | P55: 21 | Q55: 0 | R55: com funções | S55: 0 | T55: Submissão 49994829. Código em codigos/2551_gemini_2.py.
A56: =IF(Problemas!$B$7="","",Problemas!$B$7) -> 2551 | B56: =IF(Problemas!$D$7="","",Problemas!$D$7) -> Fácil | C56: =Instrucoes!$B$7 -> Claude | D56: 2 | E56: 15/09/2026 | F56: Claude Sonnet 5 | G56: Sim | H56: 1 | I56: Accepted | J56: Accepted | K56: - | L56: - | M56: 7.27 | N56: 5 | O56: 55.92 | P56: 19 | Q56: 0 | R56: com funções | S56: 0 | T56: Submissão 49994832. Código em codigos/2551_claude_2.py.
A57: =IF(Problemas!$B$8="","",Problemas!$B$8) -> 1253 | B57: =IF(Problemas!$D$8="","",Problemas!$D$8) -> Fácil | C57: =Instrucoes!$B$5 -> ChatGPT | D57: 2 | E57: 15/09/2026 | F57: GPT-5.6 Luna | G57: Sim | H57: 1 | I57: Accepted | J57: Accepted | K57: - | L57: - | M57: 10 | N57: 3 | O57: 71.29 | P57: 9 | Q57: 0 | R57: script linear | S57: 0.546 | T57: Submissão 49994836. Código em codigos/1253_chatgpt_2.py.
A58: =IF(Problemas!$B$8="","",Problemas!$B$8) -> 1253 | B58: =IF(Problemas!$D$8="","",Problemas!$D$8) -> Fácil | C58: =Instrucoes!$B$6 -> Gemini | D58: 2 | E58: 15/09/2026 | F58: Gemini 3.6 Flash | G58: Sim | H58: 1 | I58: Accepted | J58: Accepted | K58: - | L58: - | M58: 7.6 | N58: 8 | O58: 64.22 | P58: 26 | Q58: 0.037 | R58: com funções | S58: 0.13 | T58: Submissão 49994844. Código em codigos/1253_gemini_2.py.
A59: =IF(Problemas!$B$8="","",Problemas!$B$8) -> 1253 | B59: =IF(Problemas!$D$8="","",Problemas!$D$8) -> Fácil | C59: =Instrucoes!$B$7 -> Claude | D59: 2 | E59: 15/09/2026 | F59: Claude Sonnet 5 | G59: Sim | H59: 1 | I59: Accepted | J59: Accepted | K59: - | L59: - | M59: 8.5 | N59: 4 | O59: 57.2 | P59: 17 | Q59: 0 | R59: com funções | S59: 0.076 | T59: Submissão 49994850. Código em codigos/1253_claude_2.py.
A60: =IF(Problemas!$B$9="","",Problemas!$B$9) -> 2437 | B60: =IF(Problemas!$D$9="","",Problemas!$D$9) -> Fácil | C60: =Instrucoes!$B$5 -> ChatGPT | D60: 2 | E60: 15/09/2026 | F60: GPT-5.6 Luna | G60: Sim | H60: 1 | I60: Accepted | J60: Accepted | K60: - | L60: - | M60: 10 | N60: 1 | O60: 83.28 | P60: 2 | Q60: 0 | R60: script linear | S60: 0 | T60: Submissão 49994856. Código em codigos/2437_chatgpt_2.py.
A61: =IF(Problemas!$B$9="","",Problemas!$B$9) -> 2437 | B61: =IF(Problemas!$D$9="","",Problemas!$D$9) -> Fácil | C61: =Instrucoes!$B$6 -> Gemini | D61: 2 | E61: 15/09/2026 | F61: Gemini 3.6 Flash | G61: Sim | H61: 1 | I61: Accepted | J61: Accepted | K61: - | L61: - | M61: 5.56 | N61: 3 | O61: 66.78 | P61: 9 | Q61: 0 | R61: com funções | S61: 0.025 | T61: Submissão 49994864. Código em codigos/2437_gemini_2.py.
A62: =IF(Problemas!$B$9="","",Problemas!$B$9) -> 2437 | B62: =IF(Problemas!$D$9="","",Problemas!$D$9) -> Fácil | C62: =Instrucoes!$B$7 -> Claude | D62: 2 | E62: 15/09/2026 | F62: Claude Sonnet 5 | G62: Sim | H62: 1 | I62: Accepted | J62: Accepted | K62: - | L62: - | M62: 10 | N62: 1 | O62: 83.28 | P62: 2 | Q62: 0 | R62: script linear | S62: 0 | T62: Submissão 49994869. Código em codigos/2437_claude_2.py.
A63: =IF(Problemas!$B$10="","",Problemas!$B$10) -> 2867 | B63: =IF(Problemas!$D$10="","",Problemas!$D$10) -> Médio | C63: =Instrucoes!$B$5 -> ChatGPT | D63: 2 | E63: 15/09/2026 | F63: GPT-5.6 Luna | G63: Sim | H63: 1 | I63: Accepted | J63: Accepted | K63: - | L63: - | M63: 8 | N63: 3 | O63: 66.86 | P63: 11 | Q63: 0 | R63: script linear | S63: 0.005 | T63: Submissão 49995129. Código em codigos/2867_chatgpt_2.py. Conta os dígitos por int(M*log10(N))+1.
A64: =IF(Problemas!$B$10="","",Problemas!$B$10) -> 2867 | B64: =IF(Problemas!$D$10="","",Problemas!$D$10) -> Médio | C64: =Instrucoes!$B$6 -> Gemini | D64: 2 | E64: 15/09/2026 | F64: Gemini 3.6 Flash | G64: Sim | H64: 1 | I64: Accepted | J64: Accepted | K64: - | L64: - | M64: 7.27 | N64: 7 | O64: 55.16 | P64: 23 | Q64: 0 | R64: com funções | S64: 0 | T64: Submissão 49995138. Código em codigos/2867_gemini_2.py. Mesma abordagem por log10 do ChatGPT.
A65: =IF(Problemas!$B$10="","",Problemas!$B$10) -> 2867 | B65: =IF(Problemas!$D$10="","",Problemas!$D$10) -> Médio | C65: =Instrucoes!$B$7 -> Claude | D65: 2 | E65: 15/09/2026 | F65: Claude Sonnet 5 | G65: Sim | H65: 1 | I65: Accepted | J65: Accepted | K65: - | L65: - | M65: 8.24 | N65: 3 | O65: 61.01 | P65: 14 | Q65: 0 | R65: com funções | S65: 0.091 | T65: Submissão 49995145. Código em codigos/2867_claude_2.py. Única das três a calcular a potência inteira n**m e medir o comprimento da representação decimal — exato, e o mais lento dos três (0,091 s contra 0,005 e 0,000).
A66: =IF(Problemas!$B$11="","",Problemas!$B$11) -> 2253 | B66: =IF(Problemas!$D$11="","",Problemas!$D$11) -> Médio | C66: =Instrucoes!$B$5 -> ChatGPT | D66: 2 | E66: 15/09/2026 | F66: GPT-5.6 Luna | G66: Sim | H66: 1 | I66: Accepted | J66: Accepted | K66: - | L66: - | M66: 6 | N66: 13 | O66: 68.16 | P66: 11 | Q66: 0 | R66: script linear | S66: 0 | T66: Submissão 49995151. Código em codigos/2253_chatgpt_2.py.
A67: =IF(Problemas!$B$11="","",Problemas!$B$11) -> 2253 | B67: =IF(Problemas!$D$11="","",Problemas!$D$11) -> Médio | C67: =Instrucoes!$B$6 -> Gemini | D67: 2 | E67: 15/09/2026 | F67: Gemini 3.6 Flash | G67: Sim | H67: 1 | I67: Accepted | J67: Accepted | K67: - | L67: - | M67: 8 | N67: 12 | O67: 52.32 | P67: 27 | Q67: 0 | R67: com funções | S67: 0 | T67: Submissão 49995158. Código em codigos/2253_gemini_2.py.
A68: =IF(Problemas!$B$11="","",Problemas!$B$11) -> 2253 | B68: =IF(Problemas!$D$11="","",Problemas!$D$11) -> Médio | C68: =Instrucoes!$B$7 -> Claude | D68: 2 | E68: 15/09/2026 | F68: Claude Sonnet 5 | G68: Sim | H68: 1 | I68: Accepted | J68: Accepted | K68: - | L68: - | M68: 9.05 | N68: 10 | O68: 55.43 | P68: 22 | Q68: 0 | R68: com funções | S68: 0.048 | T68: Submissão 49995168. Código em codigos/2253_claude_2.py.
A69: =IF(Problemas!$B$12="","",Problemas!$B$12) -> 1032 | B69: =IF(Problemas!$D$12="","",Problemas!$D$12) -> Médio | C69: =Instrucoes!$B$5 -> ChatGPT | D69: 2 | E69: 15/09/2026 | F69: GPT-5.6 Luna | G69: Sim | H69: 1 | I69: Accepted | J69: Accepted | K69: - | L69: - | M69: 9.71 | N69: 11 | O69: 48.66 | P69: 35 | Q69: 0 | R69: com funções | S69: 0.006 | T69: Submissão 49995177. Código em codigos/1032_chatgpt_2.py. Na Execução 1 este problema exigiu 2 tentativas do ChatGPT; aqui foi aceito de primeira, com código 46% menor (1709 -> 920 bytes).
A70: =IF(Problemas!$B$12="","",Problemas!$B$12) -> 1032 | B70: =IF(Problemas!$D$12="","",Problemas!$D$12) -> Médio | C70: =Instrucoes!$B$6 -> Gemini | D70: 2 | E70: 15/09/2026 | F70: Gemini 3.6 Flash | G70: Sim | H70: 1 | I70: Accepted | J70: Accepted | K70: - | L70: - | M70: 7.86 | N70: 9 | O70: 70.88 | P70: 28 | Q70: 0.0968 | R70: com funções | S70: 0 | T70: Submissão 49995189. Código em codigos/1032_gemini_2.py.
A71: =IF(Problemas!$B$12="","",Problemas!$B$12) -> 1032 | B71: =IF(Problemas!$D$12="","",Problemas!$D$12) -> Médio | C71: =Instrucoes!$B$7 -> Claude | D71: 2 | E71: 15/09/2026 | F71: Claude Sonnet 5 | G71: Sim | H71: 1 | I71: Accepted | J71: Accepted | K71: - | L71: - | M71: 9.51 | N71: 12 | O71: 46.24 | P71: 41 | Q71: 0 | R71: com funções | S71: 0.02 | T71: Submissão 49995195. Código em codigos/1032_claude_2.py.
A72: =IF(Problemas!$B$13="","",Problemas!$B$13) -> 1033 | B72: =IF(Problemas!$D$13="","",Problemas!$D$13) -> Médio | C72: =Instrucoes!$B$5 -> ChatGPT | D72: 2 | E72: 15/09/2026 | F72: GPT-5.6 Luna | G72: Não | H72: 2 | I72: Accepted | J72: Wrong Answer | K72: Accepted | L72: - | M72: 10 | N72: 8 | O72: 51.65 | P72: 23 | Q72: 0 | R72: com funções | S72: 0.006 | T72: Duas tentativas: 49995200 (Wrong answer 5%) e 49995223 (Accepted). Código da 2ª em codigos/correcoes/1033_chatgpt_2_tentativa2.py, conferido por checksum contra o submetido. Autocorreção bem-sucedida.
A73: =IF(Problemas!$B$13="","",Problemas!$B$13) -> 1033 | B73: =IF(Problemas!$D$13="","",Problemas!$D$13) -> Médio | C73: =Instrucoes!$B$6 -> Gemini | D73: 2 | E73: 15/09/2026 | F73: Gemini 3.6 Flash | G73: Não | H73: 2 | I73: Accepted | J73: Wrong Answer | K73: Accepted | L73: - | M73: 7.57 | N73: 11 | O73: 53.49 | P73: 41 | Q73: 0.0238 | R73: com funções | S73: 0.035 | T73: Duas tentativas: 49995243 (Wrong answer 5%) e 49995260 (Accepted). Código da 2ª em codigos/correcoes/1033_gemini_2_tentativa2.py, conferido por checksum. Autocorreção bem-sucedida.
A74: =IF(Problemas!$B$13="","",Problemas!$B$13) -> 1033 | B74: =IF(Problemas!$D$13="","",Problemas!$D$13) -> Médio | C74: =Instrucoes!$B$7 -> Claude | D74: 2 | E74: 15/09/2026 | F74: Claude Sonnet 5 | G74: Sim | H74: 1 | I74: Accepted | J74: Accepted | K74: - | L74: - | M74: 9.38 | N74: 7 | O74: 47.02 | P74: 32 | Q74: 0 | R74: com funções | S74: 0.006 | T74: Submissão 49995270. Código em codigos/1033_claude_2.py. Única das três aceita de primeira neste problema.
A75: =IF(Problemas!$B$14="","",Problemas!$B$14) -> 1243 | B75: =IF(Problemas!$D$14="","",Problemas!$D$14) -> Médio | C75: =Instrucoes!$B$5 -> ChatGPT | D75: 2 | E75: 15/09/2026 | F75: GPT-5.6 Luna | G75: Sim | H75: 1 | I75: Accepted | J75: Accepted | K75: - | L75: - | M75: 9.44 | N75: 10 | O75: 57.9 | P75: 20 | Q75: 0 | R75: script linear | S75: 0.084 | T75: Submissão 49995277. Código em codigos/1243_chatgpt_2.py.
A76: =IF(Problemas!$B$14="","",Problemas!$B$14) -> 1243 | B76: =IF(Problemas!$D$14="","",Problemas!$D$14) -> Médio | C76: =Instrucoes!$B$6 -> Gemini | D76: 2 | E76: 15/09/2026 | F76: Gemini 3.6 Flash | G76: Sim | H76: 1 | I76: Accepted | J76: Accepted | K76: - | L76: - | M76: 8.39 | N76: 12 | O76: 49.63 | P76: 34 | Q76: 0 | R76: com funções | S76: 0.032 | T76: Submissão 49995283. Código em codigos/1243_gemini_2.py.
A77: =IF(Problemas!$B$14="","",Problemas!$B$14) -> 1243 | B77: =IF(Problemas!$D$14="","",Problemas!$D$14) -> Médio | C77: =Instrucoes!$B$7 -> Claude | D77: 2 | E77: 15/09/2026 | F77: Claude Sonnet 5 | G77: Sim | H77: 1 | I77: Accepted | J77: Accepted | K77: - | L77: - | M77: 9.23 | N77: 11 | O77: 52.36 | P77: 27 | Q77: 0 | R77: com funções | S77: 0.077 | T77: Submissão 49995294. Código em codigos/1243_claude_2.py. Contém código morto: 'if line == "" and False:' seguido de continue inalcançável — condição que nunca pode ser verdadeira.
A78: =IF(Problemas!$B$15="","",Problemas!$B$15) -> 1084 | B78: =IF(Problemas!$D$15="","",Problemas!$D$15) -> Difícil | C78: =Instrucoes!$B$5 -> ChatGPT | D78: 2 | E78: 15/09/2026 | F78: GPT-5.6 Luna | G78: Não | H78: 3 | I78: Accepted | J78: Presentation Error | K78: Presentation Error | L78: Accepted | M78: 10 | N78: 10 | O78: 51.29 | P78: 26 | Q78: 0 | R78: com funções | S78: 0.1 | T78: Três tentativas: 49995646 (Presentation error 100%), 49995669 (Presentation error 100%) e 49995677 (Accepted). Correções em codigos/correcoes/1084_chatgpt_2_tentativa2.py e _tentativa3.py, conferidas por checksum. Mesmo defeito do 2551 — falta de quebra de linha final —, mas desta vez recuperado na 3ª tentativa.
A79: =IF(Problemas!$B$15="","",Problemas!$B$15) -> 1084 | B79: =IF(Problemas!$D$15="","",Problemas!$D$15) -> Difícil | C79: =Instrucoes!$B$6 -> Gemini | D79: 2 | E79: 15/09/2026 | F79: Gemini 3.6 Flash | G79: Sim | H79: 1 | I79: Accepted | J79: Accepted | K79: - | L79: - | M79: 7.04 | N79: 10 | O79: 50.87 | P79: 27 | Q79: 0 | R79: com funções | S79: 0.09 | T79: Submissão 49995702. Código em codigos/1084_gemini_2.py.
A80: =IF(Problemas!$B$15="","",Problemas!$B$15) -> 1084 | B80: =IF(Problemas!$D$15="","",Problemas!$D$15) -> Difícil | C80: =Instrucoes!$B$7 -> Claude | D80: 2 | E80: 15/09/2026 | F80: Claude Sonnet 5 | G80: Sim | H80: 1 | I80: Accepted | J80: Accepted | K80: - | L80: - | M80: 9.2 | N80: 8 | O80: 52.66 | P80: 22 | Q80: 0 | R80: com funções | S80: 0.092 | T80: Submissão 49995707. Código em codigos/1084_claude_2.py.
A81: =IF(Problemas!$B$16="","",Problemas!$B$16) -> 1034 | B81: =IF(Problemas!$D$16="","",Problemas!$D$16) -> Difícil | C81: =Instrucoes!$B$5 -> ChatGPT | D81: 2 | E81: 15/09/2026 | F81: GPT-5.6 Luna | G81: Não | H81: 2 | I81: Accepted | J81: Time Limit Exceeded | K81: Accepted | L81: - | M81: 6.82 | N81: 7 | O81: 55.47 | P81: 22 | Q81: 0 | R81: com funções | S81: 0.803 | T81: Duas tentativas: 49995720 (TLE) e 49995741 (Accepted). Correção em codigos/correcoes/1034_chatgpt_2_tentativa2.py, conferida por checksum. Autocorreção bem-sucedida.
A82: =IF(Problemas!$B$16="","",Problemas!$B$16) -> 1034 | B82: =IF(Problemas!$D$16="","",Problemas!$D$16) -> Difícil | C82: =Instrucoes!$B$6 -> Gemini | D82: 2 | E82: 15/09/2026 | F82: Gemini 3.6 Flash | G82: Não | I82: Falha | J82: Time Limit Exceeded | K82: Time Limit Exceeded | L82: Time Limit Exceeded | M82: 7.31 | N82: 8 | O82: 52.5 | P82: 26 | Q82: 0 | R82: com funções | T82: Três tentativas esgotadas, todas TLE: 49995767, 49995778 e 49995793. Correções em codigos/correcoes/1034_gemini_2_tentativa2.py e _tentativa3.py, conferidas por checksum. As três versões mantiveram a mesma programação dinâmica O(n*m); o veredito de tempo não levou a troca de algoritmo.
A83: =IF(Problemas!$B$16="","",Problemas!$B$16) -> 1034 | B83: =IF(Problemas!$D$16="","",Problemas!$D$16) -> Difícil | C83: =Instrucoes!$B$7 -> Claude | D83: 2 | E83: 15/09/2026 | F83: Claude Sonnet 5 | G83: Não | I83: Falha | J83: Time Limit Exceeded | K83: Runtime Error | L83: Time Limit Exceeded | M83: 8.67 | N83: 8 | O83: 50.89 | P83: 27 | Q83: 0 | R83: com funções | T83: Três tentativas esgotadas: 49995819 (TLE), 49995846 (Runtime error) e 49995903 (TLE). Correções em codigos/correcoes/1034_claude_2_tentativa2.py e _tentativa3.py, conferidas por checksum. A 2ª tentativa piorou o veredito — de tempo excedido para erro de execução — antes de voltar ao TLE.
A84: =IF(Problemas!$B$17="","",Problemas!$B$17) -> 1027 | B84: =IF(Problemas!$D$17="","",Problemas!$D$17) -> Difícil | C84: =Instrucoes!$B$5 -> ChatGPT | D84: 2 | E84: 15/09/2026 | F84: GPT-5.6 Luna | G84: Não | I84: Falha | J84: Wrong Answer | K84: Wrong Answer | L84: Wrong Answer | M84: 9.83 | N84: 27 | O84: 37.5 | P84: 61 | Q84: 0 | R84: com funções | T84: Três tentativas esgotadas: 49995922 (WA 5%), 49995942 (WA 75%) e 49995955 (WA 5%). Correções em codigos/correcoes/1027_chatgpt_2_tentativa2.txt e _tentativa3.txt, conferidas por checksum. A 2ª tentativa subiu para 75% de acerto e a 3ª voltou a 5%: a correção andou para trás.
A85: =IF(Problemas!$B$17="","",Problemas!$B$17) -> 1027 | B85: =IF(Problemas!$D$17="","",Problemas!$D$17) -> Difícil | C85: =Instrucoes!$B$6 -> Gemini | D85: 2 | E85: 15/09/2026 | F85: Gemini 3.6 Flash | G85: Não | H85: 2 | I85: Accepted | J85: Time Limit Exceeded | K85: Accepted | L85: - | M85: 6.18 | N85: 17 | O85: 64 | P85: 55 | Q85: 0.127 | R85: com funções | S85: 0.227 | T85: Duas tentativas: 49995961 (TLE) e 49995979 (Accepted). Correção em 'codigos/correcoes/1027_gemini_2_ tentativa2.py' (o nome do arquivo tem um espaço a mais), conferida por checksum. Autocorreção bem-sucedida.
A86: =IF(Problemas!$B$17="","",Problemas!$B$17) -> 1027 | B86: =IF(Problemas!$D$17="","",Problemas!$D$17) -> Difícil | C86: =Instrucoes!$B$7 -> Claude | D86: 2 | E86: 15/09/2026 | F86: Claude Sonnet 5 | G86: Sim | H86: 1 | I86: Accepted | J86: Accepted | K86: - | L86: - | M86: 8.77 | N86: 23 | O86: 39.05 | P86: 66 | Q86: 0 | R86: com funções | S86: 0.214 | T86: Submissão 49995986. Código em codigos/1027_claude_2.py. Única das três aceita de primeira neste problema.
A87: =IF(Problemas!$B$18="","",Problemas!$B$18) -> 1092 | B87: =IF(Problemas!$D$18="","",Problemas!$D$18) -> Difícil | C87: =Instrucoes!$B$5 -> ChatGPT | D87: 2 | E87: 15/09/2026 | F87: GPT-5.6 Luna | G87: Não | I87: Falha | J87: Wrong Answer | K87: Wrong Answer | L87: Time Limit Exceeded | M87: 9 | N87: 25 | O87: 57.2 | P87: 73 | Q87: 0.131 | R87: com funções | T87: Três tentativas esgotadas: 49995995 (WA 55%), 49996011 (WA 30%) e 49996026 (TLE). Correções em codigos/correcoes/1092_chatgpt_2_tentativa2.py e _tentativa3.py, conferidas por checksum. O acerto caiu de 55% para 30% e a 3ª versão estourou o tempo.
A88: =IF(Problemas!$B$18="","",Problemas!$B$18) -> 1092 | B88: =IF(Problemas!$D$18="","",Problemas!$D$18) -> Difícil | C88: =Instrucoes!$B$6 -> Gemini | D88: 2 | E88: 15/09/2026 | F88: Gemini 3.6 Flash | G88: Não | I88: Falha | J88: Time Limit Exceeded | K88: Time Limit Exceeded | L88: Wrong Answer | M88: 5.6 | N88: 23 | O88: 62.13 | P88: 50 | Q88: 0.1525 | R88: com funções | T88: Três tentativas esgotadas: 49996033 (TLE), 49996044 (TLE) e 49996057 (WA 35%). Correções em codigos/correcoes/1092_gemini_2_tentativa2.py e _tentativa3.py, conferidas por checksum.
A89: =IF(Problemas!$B$18="","",Problemas!$B$18) -> 1092 | B89: =IF(Problemas!$D$18="","",Problemas!$D$18) -> Difícil | C89: =Instrucoes!$B$7 -> Claude | D89: 2 | E89: 15/09/2026 | F89: Claude Sonnet 5 | G89: Não | I89: Falha | J89: Runtime Error | K89: Time Limit Exceeded | L89: Wrong Answer | M89: 8.04 | N89: 11 | O89: 50.82 | P89: 44 | Q89: 0.0222 | R89: com funções | T89: Três tentativas esgotadas: 49996068 (Runtime error), 49998371 (Time limit exceeded) e 49998403 (Wrong answer 55%). Correções em codigos/correcoes/1092_claude_2_tentativa2.py e _tentativa3.py, conferidas por checksum. As tentativas 2 e 3 só foram feitas em 15/09/2026 à noite, depois que o limite de uso da conta gratuita foi reposto. A 1ª versão usava numpy; a 3ª tem 5.980 bytes contra 1.627 da 1ª, e ainda assim o veredito passou de erro de execução a resposta errada sem chegar a Accepted.
A90: =IF(Problemas!$B$19="","",Problemas!$B$19) -> 1141 | B90: =IF(Problemas!$D$19="","",Problemas!$D$19) -> Difícil | C90: =Instrucoes!$B$5 -> ChatGPT | D90: 2 | E90: 15/09/2026 | F90: GPT-5.6 Luna | G90: Não | I90: Falha | J90: Runtime Error | K90: Time Limit Exceeded | L90: Time Limit Exceeded | M90: 9.62 | N90: 32 | O90: 39.28 | P90: 162 | Q90: 0.0526 | R90: com funções | T90: Três tentativas esgotadas: 49996085 (Runtime error), 49996096 (TLE) e 49996115 (TLE). Correções em codigos/correcoes/1141_chatgpt_2_tentativa2.py e _tentativa3.py, conferidas por checksum. A 1ª versão lê a entrada com sys.stdin.buffer e aplica ord() aos elementos sem decodificar.
A91: =IF(Problemas!$B$19="","",Problemas!$B$19) -> 1141 | B91: =IF(Problemas!$D$19="","",Problemas!$D$19) -> Difícil | C91: =Instrucoes!$B$6 -> Gemini | D91: 2 | E91: 15/09/2026 | F91: Gemini 3.6 Flash | G91: Não | I91: Falha | J91: Time Limit Exceeded | K91: Wrong Answer | L91: Wrong Answer | M91: 6.67 | N91: 11 | O91: 66.04 | P91: 33 | Q91: 0.0833 | R91: com funções | T91: Recoleta. A 1ª coleta deste problema foi falha de entrega — resposta fragmentada, indentação perdida, underscores de __name__ consumidos pelo markdown; transcrição integral em codigos/falhas/1141_gemini_2_tentativa1_FALHA_DE_ENTREGA.txt, e nada foi submetido. A coleta válida é a de conversa nova, com o mesmo prompt: código em codigos/1141_gemini_2.py. Três tentativas esgotadas: 49998311 (TLE), 49998319 (Wrong answer 60%) e 49998325 (Wrong answer 60%). Correções em codigos/correcoes/1141_gemini_2_tentativa2.py e _tentativa3.py, conferidas por checksum. As tentativas 2 e 3 têm códigos diferentes (1.246 e 2.318 bytes) e receberam exatamente o mesmo veredito e a mesma porcentagem.
A92: =IF(Problemas!$B$19="","",Problemas!$B$19) -> 1141 | B92: =IF(Problemas!$D$19="","",Problemas!$D$19) -> Difícil | C92: =Instrucoes!$B$7 -> Claude | D92: 2 | E92: 15/09/2026 | F92: Claude Sonnet 5 | G92: Não | I92: Falha | J92: Time Limit Exceeded | K92: Time Limit Exceeded | L92: Memory Limit Exceeded | M92: 8.33 | N92: 22 | O92: 47.71 | P92: 90 | Q92: 0.0426 | R92: com funções | T92: Três tentativas esgotadas: 49996132 (TLE), 49998416 (TLE) e 49998501 (Memory limit exceeded). ACHADO: os códigos da 2ª e da 3ª tentativa são BYTE A BYTE IDÊNTICOS (sha256 f18b30a9281b4d1b, 3.240 bytes), conferido nos arquivos salvos e nas duas submissões, que têm o mesmo checksum. Pedida a correção depois do TLE e pedida de novo depois do segundo TLE, a ferramenta devolveu o mesmo programa. Os vereditos diferentes (TLE e depois Memory limit exceeded) vêm do juiz, não do código: o programa está no limite de recurso. Correções em codigos/correcoes/1141_claude_2_tentativa2.py e _tentativa3.py.

Sheet Consolidacao
A1: Consolidação dos resultados
A2: Calculado a partir da aba Coleta, somando as duas execuções.
A4: Métrica | B4: =Instrucoes!$B$5 -> ChatGPT | C4: =Instrucoes!$B$6 -> Gemini | D4: =Instrucoes!$B$7 -> Claude
A5: Coletas registradas | B5: =COUNTIFS(Coleta!$C$3:$C$92,B$4,Coleta!$I$3:$I$92,"<>") -> 30 | C5: =COUNTIFS(Coleta!$C$3:$C$92,C$4,Coleta!$I$3:$I$92,"<>") -> 30 | D5: =COUNTIFS(Coleta!$C$3:$C$92,D$4,Coleta!$I$3:$I$92,"<>") -> 30
A6: Aceito na 1ª tentativa (%) | B6: =IFERROR(COUNTIFS(Coleta!$C$3:$C$92,B$4,Coleta!$G$3:$G$92,"Sim")/COUNTIFS(Coleta!$C$3:$C$92,B$4,Coleta!$G$3:$G$92,"<>"),"") -> 0.56666667 | C6: =IFERROR(COUNTIFS(Coleta!$C$3:$C$92,C$4,Coleta!$G$3:$G$92,"Sim")/COUNTIFS(Coleta!$C$3:$C$92,C$4,Coleta!$G$3:$G$92,"<>"),"") -> 0.7 | D6: =IFERROR(COUNTIFS(Coleta!$C$3:$C$92,D$4,Coleta!$G$3:$G$92,"Sim")/COUNTIFS(Coleta!$C$3:$C$92,D$4,Coleta!$G$3:$G$92,"<>"),"") -> 0.8
A7: Taxa de sucesso final (%) | B7: =IFERROR(COUNTIFS(Coleta!$C$3:$C$92,B$4,Coleta!$I$3:$I$92,"Accepted")/COUNTIFS(Coleta!$C$3:$C$92,B$4,Coleta!$I$3:$I$92,"<>"),"") -> 0.7 | C7: =IFERROR(COUNTIFS(Coleta!$C$3:$C$92,C$4,Coleta!$I$3:$I$92,"Accepted")/COUNTIFS(Coleta!$C$3:$C$92,C$4,Coleta!$I$3:$I$92,"<>"),"") -> 0.8 | D7: =IFERROR(COUNTIFS(Coleta!$C$3:$C$92,D$4,Coleta!$I$3:$I$92,"Accepted")/COUNTIFS(Coleta!$C$3:$C$92,D$4,Coleta!$I$3:$I$92,"<>"),"") -> 0.8
A8: Taxa de autocorreção (%) | B8: =IFERROR(COUNTIFS(Coleta!$C$3:$C$92,B$4,Coleta!$G$3:$G$92,"Não",Coleta!$I$3:$I$92,"Accepted",Coleta!$J$3:$J$92,"<>Não extraível")/COUNTIFS(Coleta!$C$3:$C$92,B$4,Coleta!$G$3:$G$92,"Não",Coleta!$J$3:$J$92,"<>Não extraível"),"") -> 0.30769231 | C8: =IFERROR(COUNTIFS(Coleta!$C$3:$C$92,C$4,Coleta!$G$3:$G$92,"Não",Coleta!$I$3:$I$92,"Accepted",Coleta!$J$3:$J$92,"<>Não extraível")/COUNTIFS(Coleta!$C$3:$C$92,C$4,Coleta!$G$3:$G$92,"Não",Coleta!$J$3:$J$92,"<>Não extraível"),"") -> 0.33333333 | D8: =IFERROR(COUNTIFS(Coleta!$C$3:$C$92,D$4,Coleta!$G$3:$G$92,"Não",Coleta!$I$3:$I$92,"Accepted",Coleta!$J$3:$J$92,"<>Não extraível")/COUNTIFS(Coleta!$C$3:$C$92,D$4,Coleta!$G$3:$G$92,"Não",Coleta!$J$3:$J$92,"<>Não extraível"),"") -> 0
A9: Consistência entre execuções (%) | B9: =IFERROR(AVERAGE(J41:J85),"") -> 0.8 | C9: =IFERROR(AVERAGE(K41:K85),"") -> 0.93333333 | D9: =IFERROR(AVERAGE(L41:L85),"") -> 1
A10: Rodadas médias até aceitação | B10: =IFERROR(AVERAGEIFS(Coleta!$H$3:$H$92,Coleta!$C$3:$C$92,B$4),"") -> 1.2380952 | C10: =IFERROR(AVERAGEIFS(Coleta!$H$3:$H$92,Coleta!$C$3:$C$92,C$4),"") -> 1.125 | D10: =IFERROR(AVERAGEIFS(Coleta!$H$3:$H$92,Coleta!$C$3:$C$92,D$4),"") -> 1
A11: Score Pylint médio (0-10) | B11: =IFERROR(AVERAGEIFS(Coleta!$M$3:$M$92,Coleta!$C$3:$C$92,B$4),"") -> 9.366 | C11: =IFERROR(AVERAGEIFS(Coleta!$M$3:$M$92,Coleta!$C$3:$C$92,C$4),"") -> 7.2593333 | D11: =IFERROR(AVERAGEIFS(Coleta!$M$3:$M$92,Coleta!$C$3:$C$92,D$4),"") -> 8.8156667
A12: Desvio-padrão do Score Pylint | B12: =IFERROR(STDEV(B41:B130),"") -> 1.09838 | C12: =IFERROR(STDEV(C41:C130),"") -> 1.1575746 | D12: =IFERROR(STDEV(D41:D130),"") -> 0.74227369
A13: Complexidade ciclomática média | B13: =IFERROR(AVERAGEIFS(Coleta!$N$3:$N$92,Coleta!$C$3:$C$92,B$4),"") -> 11.133333 | C13: =IFERROR(AVERAGEIFS(Coleta!$N$3:$N$92,Coleta!$C$3:$C$92,C$4),"") -> 10.8 | D13: =IFERROR(AVERAGEIFS(Coleta!$N$3:$N$92,Coleta!$C$3:$C$92,D$4),"") -> 9.4666667
A14: Desvio-padrão da complexidade | B14: =IFERROR(STDEV(F41:F130),"") -> 9.3614519 | C14: =IFERROR(STDEV(G41:G130),"") -> 6.1834038 | D14: =IFERROR(STDEV(H41:H130),"") -> 6.1685148
A15: Índice de manutenibilidade médio | B15: =IFERROR(AVERAGEIFS(Coleta!$O$3:$O$92,Coleta!$C$3:$C$92,B$4),"") -> 59.143667 | C15: =IFERROR(AVERAGEIFS(Coleta!$O$3:$O$92,Coleta!$C$3:$C$92,C$4),"") -> 57.655667 | D15: =IFERROR(AVERAGEIFS(Coleta!$O$3:$O$92,Coleta!$C$3:$C$92,D$4),"") -> 54.029333
A16: LOC médio | B16: =IFERROR(AVERAGEIFS(Coleta!$P$3:$P$92,Coleta!$C$3:$C$92,B$4),"") -> 33.933333 | C16: =IFERROR(AVERAGEIFS(Coleta!$P$3:$P$92,Coleta!$C$3:$C$92,C$4),"") -> 32.166667 | D16: =IFERROR(AVERAGEIFS(Coleta!$P$3:$P$92,Coleta!$C$3:$C$92,D$4),"") -> 33.6
A17: Densidade média de comentários (%) | B17: =IFERROR(AVERAGEIFS(Coleta!$Q$3:$Q$92,Coleta!$C$3:$C$92,B$4),"") -> 0.02157 | C17: =IFERROR(AVERAGEIFS(Coleta!$Q$3:$Q$92,Coleta!$C$3:$C$92,C$4),"") -> 0.03543 | D17: =IFERROR(AVERAGEIFS(Coleta!$Q$3:$Q$92,Coleta!$C$3:$C$92,D$4),"") -> 0.0054466667
A18: Soluções em script linear (%) | B18: =IFERROR(COUNTIFS(Coleta!$C$3:$C$92,B$4,Coleta!$R$3:$R$92,"script linear")/COUNTIFS(Coleta!$C$3:$C$92,B$4,Coleta!$R$3:$R$92,"<>"),"") -> 0.46666667 | C18: =IFERROR(COUNTIFS(Coleta!$C$3:$C$92,C$4,Coleta!$R$3:$R$92,"script linear")/COUNTIFS(Coleta!$C$3:$C$92,C$4,Coleta!$R$3:$R$92,"<>"),"") -> 0 | D18: =IFERROR(COUNTIFS(Coleta!$C$3:$C$92,D$4,Coleta!$R$3:$R$92,"script linear")/COUNTIFS(Coleta!$C$3:$C$92,D$4,Coleta!$R$3:$R$92,"<>"),"") -> 0.066666667
A19: Tempo médio de execução (s) | B19: =IFERROR(AVERAGEIFS(Coleta!$S$3:$S$92,Coleta!$C$3:$C$92,B$4),"") -> 0.12333333 | C19: =IFERROR(AVERAGEIFS(Coleta!$S$3:$S$92,Coleta!$C$3:$C$92,C$4),"") -> 0.045458333 | D19: =IFERROR(AVERAGEIFS(Coleta!$S$3:$S$92,Coleta!$C$3:$C$92,D$4),"") -> 0.115625
A20: Coletas não extraíveis (falha de entrega) | B20: =COUNTIFS(Coleta!$C$3:$C$92,B$4,Coleta!$J$3:$J$92,"Não extraível") -> 0 | C20: =COUNTIFS(Coleta!$C$3:$C$92,C$4,Coleta!$J$3:$J$92,"Não extraível") -> 0 | D20: =COUNTIFS(Coleta!$C$3:$C$92,D$4,Coleta!$J$3:$J$92,"Não extraível") -> 0
A22: Taxa de sucesso final por faixa de dificuldade
A23: Faixa | B23: =B$4 -> ChatGPT | C23: =C$4 -> Gemini | D23: =D$4 -> Claude
A24: Fácil | B24: =IFERROR(COUNTIFS(Coleta!$C$3:$C$92,B$4,Coleta!$B$3:$B$92,$A24,Coleta!$I$3:$I$92,"Accepted")/COUNTIFS(Coleta!$C$3:$C$92,B$4,Coleta!$B$3:$B$92,$A24,Coleta!$I$3:$I$92,"<>"),"") -> 0.8 | C24: =IFERROR(COUNTIFS(Coleta!$C$3:$C$92,C$4,Coleta!$B$3:$B$92,$A24,Coleta!$I$3:$I$92,"Accepted")/COUNTIFS(Coleta!$C$3:$C$92,C$4,Coleta!$B$3:$B$92,$A24,Coleta!$I$3:$I$92,"<>"),"") -> 1 | D24: =IFERROR(COUNTIFS(Coleta!$C$3:$C$92,D$4,Coleta!$B$3:$B$92,$A24,Coleta!$I$3:$I$92,"Accepted")/COUNTIFS(Coleta!$C$3:$C$92,D$4,Coleta!$B$3:$B$92,$A24,Coleta!$I$3:$I$92,"<>"),"") -> 1
A25: Médio | B25: =IFERROR(COUNTIFS(Coleta!$C$3:$C$92,B$4,Coleta!$B$3:$B$92,$A25,Coleta!$I$3:$I$92,"Accepted")/COUNTIFS(Coleta!$C$3:$C$92,B$4,Coleta!$B$3:$B$92,$A25,Coleta!$I$3:$I$92,"<>"),"") -> 1 | C25: =IFERROR(COUNTIFS(Coleta!$C$3:$C$92,C$4,Coleta!$B$3:$B$92,$A25,Coleta!$I$3:$I$92,"Accepted")/COUNTIFS(Coleta!$C$3:$C$92,C$4,Coleta!$B$3:$B$92,$A25,Coleta!$I$3:$I$92,"<>"),"") -> 1 | D25: =IFERROR(COUNTIFS(Coleta!$C$3:$C$92,D$4,Coleta!$B$3:$B$92,$A25,Coleta!$I$3:$I$92,"Accepted")/COUNTIFS(Coleta!$C$3:$C$92,D$4,Coleta!$B$3:$B$92,$A25,Coleta!$I$3:$I$92,"<>"),"") -> 1
A26: Difícil | B26: =IFERROR(COUNTIFS(Coleta!$C$3:$C$92,B$4,Coleta!$B$3:$B$92,$A26,Coleta!$I$3:$I$92,"Accepted")/COUNTIFS(Coleta!$C$3:$C$92,B$4,Coleta!$B$3:$B$92,$A26,Coleta!$I$3:$I$92,"<>"),"") -> 0.3 | C26: =IFERROR(COUNTIFS(Coleta!$C$3:$C$92,C$4,Coleta!$B$3:$B$92,$A26,Coleta!$I$3:$I$92,"Accepted")/COUNTIFS(Coleta!$C$3:$C$92,C$4,Coleta!$B$3:$B$92,$A26,Coleta!$I$3:$I$92,"<>"),"") -> 0.4 | D26: =IFERROR(COUNTIFS(Coleta!$C$3:$C$92,D$4,Coleta!$B$3:$B$92,$A26,Coleta!$I$3:$I$92,"Accepted")/COUNTIFS(Coleta!$C$3:$C$92,D$4,Coleta!$B$3:$B$92,$A26,Coleta!$I$3:$I$92,"<>"),"") -> 0.4
A28: Tipologia dos vereditos na 1ª tentativa
A29: Veredito | B29: =B$4 -> ChatGPT | C29: =C$4 -> Gemini | D29: =D$4 -> Claude
A30: Accepted | B30: =COUNTIFS(Coleta!$C$3:$C$92,B$4,Coleta!$J$3:$J$92,$A30) -> 17 | C30: =COUNTIFS(Coleta!$C$3:$C$92,C$4,Coleta!$J$3:$J$92,$A30) -> 21 | D30: =COUNTIFS(Coleta!$C$3:$C$92,D$4,Coleta!$J$3:$J$92,$A30) -> 24
A31: Wrong Answer | B31: =COUNTIFS(Coleta!$C$3:$C$92,B$4,Coleta!$J$3:$J$92,$A31) -> 6 | C31: =COUNTIFS(Coleta!$C$3:$C$92,C$4,Coleta!$J$3:$J$92,$A31) -> 2 | D31: =COUNTIFS(Coleta!$C$3:$C$92,D$4,Coleta!$J$3:$J$92,$A31) -> 0
A32: Time Limit Exceeded | B32: =COUNTIFS(Coleta!$C$3:$C$92,B$4,Coleta!$J$3:$J$92,$A32) -> 3 | C32: =COUNTIFS(Coleta!$C$3:$C$92,C$4,Coleta!$J$3:$J$92,$A32) -> 7 | D32: =COUNTIFS(Coleta!$C$3:$C$92,D$4,Coleta!$J$3:$J$92,$A32) -> 3
A33: Runtime Error | B33: =COUNTIFS(Coleta!$C$3:$C$92,B$4,Coleta!$J$3:$J$92,$A33) -> 1 | C33: =COUNTIFS(Coleta!$C$3:$C$92,C$4,Coleta!$J$3:$J$92,$A33) -> 0 | D33: =COUNTIFS(Coleta!$C$3:$C$92,D$4,Coleta!$J$3:$J$92,$A33) -> 2
A34: Compilation Error | B34: =COUNTIFS(Coleta!$C$3:$C$92,B$4,Coleta!$J$3:$J$92,$A34) -> 0 | C34: =COUNTIFS(Coleta!$C$3:$C$92,C$4,Coleta!$J$3:$J$92,$A34) -> 0 | D34: =COUNTIFS(Coleta!$C$3:$C$92,D$4,Coleta!$J$3:$J$92,$A34) -> 0
A35: Presentation Error | B35: =COUNTIFS(Coleta!$C$3:$C$92,B$4,Coleta!$J$3:$J$92,$A35) -> 3 | C35: =COUNTIFS(Coleta!$C$3:$C$92,C$4,Coleta!$J$3:$J$92,$A35) -> 0 | D35: =COUNTIFS(Coleta!$C$3:$C$92,D$4,Coleta!$J$3:$J$92,$A35) -> 0
A36: Memory Limit Exceeded | B36: =COUNTIFS(Coleta!$C$3:$C$92,B$4,Coleta!$J$3:$J$92,$A36) -> 0 | C36: =COUNTIFS(Coleta!$C$3:$C$92,C$4,Coleta!$J$3:$J$92,$A36) -> 0 | D36: =COUNTIFS(Coleta!$C$3:$C$92,D$4,Coleta!$J$3:$J$92,$A36) -> 1
A37: Não extraível | B37: =COUNTIFS(Coleta!$C$3:$C$92,B$4,Coleta!$J$3:$J$92,$A37) -> 0 | C37: =COUNTIFS(Coleta!$C$3:$C$92,C$4,Coleta!$J$3:$J$92,$A37) -> 0 | D37: =COUNTIFS(Coleta!$C$3:$C$92,D$4,Coleta!$J$3:$J$92,$A37) -> 0
A39: ÁREA AUXILIAR — não editar
A40: Pylint (B:D) · Complexidade (F:H) · Consistência (J:L)
B41: =IF(Coleta!$C3=B$4,IF(Coleta!$M3="","",Coleta!$M3),"") -> 10 | C41: =IF(Coleta!$C3=C$4,IF(Coleta!$M3="","",Coleta!$M3),"") | D41: =IF(Coleta!$C3=D$4,IF(Coleta!$M3="","",Coleta!$M3),"") | F41: =IF(Coleta!$C3=B$4,IF(Coleta!$N3="","",Coleta!$N3),"") -> 7 | G41: =IF(Coleta!$C3=C$4,IF(Coleta!$N3="","",Coleta!$N3),"") | H41: =IF(Coleta!$C3=D$4,IF(Coleta!$N3="","",Coleta!$N3),"") | J41: =IF(Coleta!$C3<>B$4,"",IF(OR(Coleta!$G3="",Coleta!$G48=""),"",IF(Coleta!$G3=Coleta!$G48,1,0))) -> 1 | K41: =IF(Coleta!$C3<>C$4,"",IF(OR(Coleta!$G3="",Coleta!$G48=""),"",IF(Coleta!$G3=Coleta!$G48,1,0))) | L41: =IF(Coleta!$C3<>D$4,"",IF(OR(Coleta!$G3="",Coleta!$G48=""),"",IF(Coleta!$G3=Coleta!$G48,1,0)))
B42: =IF(Coleta!$C4=B$4,IF(Coleta!$M4="","",Coleta!$M4),"") | C42: =IF(Coleta!$C4=C$4,IF(Coleta!$M4="","",Coleta!$M4),"") -> 8.42 | D42: =IF(Coleta!$C4=D$4,IF(Coleta!$M4="","",Coleta!$M4),"") | F42: =IF(Coleta!$C4=B$4,IF(Coleta!$N4="","",Coleta!$N4),"") | G42: =IF(Coleta!$C4=C$4,IF(Coleta!$N4="","",Coleta!$N4),"") -> 10 | H42: =IF(Coleta!$C4=D$4,IF(Coleta!$N4="","",Coleta!$N4),"") | J42: =IF(Coleta!$C4<>B$4,"",IF(OR(Coleta!$G4="",Coleta!$G49=""),"",IF(Coleta!$G4=Coleta!$G49,1,0))) | K42: =IF(Coleta!$C4<>C$4,"",IF(OR(Coleta!$G4="",Coleta!$G49=""),"",IF(Coleta!$G4=Coleta!$G49,1,0))) -> 1 | L42: =IF(Coleta!$C4<>D$4,"",IF(OR(Coleta!$G4="",Coleta!$G49=""),"",IF(Coleta!$G4=Coleta!$G49,1,0)))
B43: =IF(Coleta!$C5=B$4,IF(Coleta!$M5="","",Coleta!$M5),"") | C43: =IF(Coleta!$C5=C$4,IF(Coleta!$M5="","",Coleta!$M5),"") | D43: =IF(Coleta!$C5=D$4,IF(Coleta!$M5="","",Coleta!$M5),"") -> 9.14 | F43: =IF(Coleta!$C5=B$4,IF(Coleta!$N5="","",Coleta!$N5),"") | G43: =IF(Coleta!$C5=C$4,IF(Coleta!$N5="","",Coleta!$N5),"") | H43: =IF(Coleta!$C5=D$4,IF(Coleta!$N5="","",Coleta!$N5),"") -> 8 | J43: =IF(Coleta!$C5<>B$4,"",IF(OR(Coleta!$G5="",Coleta!$G50=""),"",IF(Coleta!$G5=Coleta!$G50,1,0))) | K43: =IF(Coleta!$C5<>C$4,"",IF(OR(Coleta!$G5="",Coleta!$G50=""),"",IF(Coleta!$G5=Coleta!$G50,1,0))) | L43: =IF(Coleta!$C5<>D$4,"",IF(OR(Coleta!$G5="",Coleta!$G50=""),"",IF(Coleta!$G5=Coleta!$G50,1,0))) -> 1
B44: =IF(Coleta!$C6=B$4,IF(Coleta!$M6="","",Coleta!$M6),"") -> 10 | C44: =IF(Coleta!$C6=C$4,IF(Coleta!$M6="","",Coleta!$M6),"") | D44: =IF(Coleta!$C6=D$4,IF(Coleta!$M6="","",Coleta!$M6),"") | F44: =IF(Coleta!$C6=B$4,IF(Coleta!$N6="","",Coleta!$N6),"") -> 4 | G44: =IF(Coleta!$C6=C$4,IF(Coleta!$N6="","",Coleta!$N6),"") | H44: =IF(Coleta!$C6=D$4,IF(Coleta!$N6="","",Coleta!$N6),"") | J44: =IF(Coleta!$C6<>B$4,"",IF(OR(Coleta!$G6="",Coleta!$G51=""),"",IF(Coleta!$G6=Coleta!$G51,1,0))) -> 1 | K44: =IF(Coleta!$C6<>C$4,"",IF(OR(Coleta!$G6="",Coleta!$G51=""),"",IF(Coleta!$G6=Coleta!$G51,1,0))) | L44: =IF(Coleta!$C6<>D$4,"",IF(OR(Coleta!$G6="",Coleta!$G51=""),"",IF(Coleta!$G6=Coleta!$G51,1,0)))
B45: =IF(Coleta!$C7=B$4,IF(Coleta!$M7="","",Coleta!$M7),"") | C45: =IF(Coleta!$C7=C$4,IF(Coleta!$M7="","",Coleta!$M7),"") -> 8 | D45: =IF(Coleta!$C7=D$4,IF(Coleta!$M7="","",Coleta!$M7),"") | F45: =IF(Coleta!$C7=B$4,IF(Coleta!$N7="","",Coleta!$N7),"") | G45: =IF(Coleta!$C7=C$4,IF(Coleta!$N7="","",Coleta!$N7),"") -> 6 | H45: =IF(Coleta!$C7=D$4,IF(Coleta!$N7="","",Coleta!$N7),"") | J45: =IF(Coleta!$C7<>B$4,"",IF(OR(Coleta!$G7="",Coleta!$G52=""),"",IF(Coleta!$G7=Coleta!$G52,1,0))) | K45: =IF(Coleta!$C7<>C$4,"",IF(OR(Coleta!$G7="",Coleta!$G52=""),"",IF(Coleta!$G7=Coleta!$G52,1,0))) -> 1 | L45: =IF(Coleta!$C7<>D$4,"",IF(OR(Coleta!$G7="",Coleta!$G52=""),"",IF(Coleta!$G7=Coleta!$G52,1,0)))
B46: =IF(Coleta!$C8=B$4,IF(Coleta!$M8="","",Coleta!$M8),"") | C46: =IF(Coleta!$C8=C$4,IF(Coleta!$M8="","",Coleta!$M8),"") | D46: =IF(Coleta!$C8=D$4,IF(Coleta!$M8="","",Coleta!$M8),"") -> 8.12 | F46: =IF(Coleta!$C8=B$4,IF(Coleta!$N8="","",Coleta!$N8),"") | G46: =IF(Coleta!$C8=C$4,IF(Coleta!$N8="","",Coleta!$N8),"") | H46: =IF(Coleta!$C8=D$4,IF(Coleta!$N8="","",Coleta!$N8),"") -> 5 | J46: =IF(Coleta!$C8<>B$4,"",IF(OR(Coleta!$G8="",Coleta!$G53=""),"",IF(Coleta!$G8=Coleta!$G53,1,0))) | K46: =IF(Coleta!$C8<>C$4,"",IF(OR(Coleta!$G8="",Coleta!$G53=""),"",IF(Coleta!$G8=Coleta!$G53,1,0))) | L46: =IF(Coleta!$C8<>D$4,"",IF(OR(Coleta!$G8="",Coleta!$G53=""),"",IF(Coleta!$G8=Coleta!$G53,1,0))) -> 1
B47: =IF(Coleta!$C9=B$4,IF(Coleta!$M9="","",Coleta!$M9),"") -> 9.5 | C47: =IF(Coleta!$C9=C$4,IF(Coleta!$M9="","",Coleta!$M9),"") | D47: =IF(Coleta!$C9=D$4,IF(Coleta!$M9="","",Coleta!$M9),"") | F47: =IF(Coleta!$C9=B$4,IF(Coleta!$N9="","",Coleta!$N9),"") -> 6 | G47: =IF(Coleta!$C9=C$4,IF(Coleta!$N9="","",Coleta!$N9),"") | H47: =IF(Coleta!$C9=D$4,IF(Coleta!$N9="","",Coleta!$N9),"") | J47: =IF(Coleta!$C9<>B$4,"",IF(OR(Coleta!$G9="",Coleta!$G54=""),"",IF(Coleta!$G9=Coleta!$G54,1,0))) -> 1 | K47: =IF(Coleta!$C9<>C$4,"",IF(OR(Coleta!$G9="",Coleta!$G54=""),"",IF(Coleta!$G9=Coleta!$G54,1,0))) | L47: =IF(Coleta!$C9<>D$4,"",IF(OR(Coleta!$G9="",Coleta!$G54=""),"",IF(Coleta!$G9=Coleta!$G54,1,0)))
B48: =IF(Coleta!$C10=B$4,IF(Coleta!$M10="","",Coleta!$M10),"") | C48: =IF(Coleta!$C10=C$4,IF(Coleta!$M10="","",Coleta!$M10),"") -> 6.19 | D48: =IF(Coleta!$C10=D$4,IF(Coleta!$M10="","",Coleta!$M10),"") | F48: =IF(Coleta!$C10=B$4,IF(Coleta!$N10="","",Coleta!$N10),"") | G48: =IF(Coleta!$C10=C$4,IF(Coleta!$N10="","",Coleta!$N10),"") -> 6 | H48: =IF(Coleta!$C10=D$4,IF(Coleta!$N10="","",Coleta!$N10),"") | J48: =IF(Coleta!$C10<>B$4,"",IF(OR(Coleta!$G10="",Coleta!$G55=""),"",IF(Coleta!$G10=Coleta!$G55,1,0))) | K48: =IF(Coleta!$C10<>C$4,"",IF(OR(Coleta!$G10="",Coleta!$G55=""),"",IF(Coleta!$G10=Coleta!$G55,1,0))) -> 1 | L48: =IF(Coleta!$C10<>D$4,"",IF(OR(Coleta!$G10="",Coleta!$G55=""),"",IF(Coleta!$G10=Coleta!$G55,1,0)))
B49: =IF(Coleta!$C11=B$4,IF(Coleta!$M11="","",Coleta!$M11),"") | C49: =IF(Coleta!$C11=C$4,IF(Coleta!$M11="","",Coleta!$M11),"") | D49: =IF(Coleta!$C11=D$4,IF(Coleta!$M11="","",Coleta!$M11),"") -> 8.57 | F49: =IF(Coleta!$C11=B$4,IF(Coleta!$N11="","",Coleta!$N11),"") | G49: =IF(Coleta!$C11=C$4,IF(Coleta!$N11="","",Coleta!$N11),"") | H49: =IF(Coleta!$C11=D$4,IF(Coleta!$N11="","",Coleta!$N11),"") -> 5 | J49: =IF(Coleta!$C11<>B$4,"",IF(OR(Coleta!$G11="",Coleta!$G56=""),"",IF(Coleta!$G11=Coleta!$G56,1,0))) | K49: =IF(Coleta!$C11<>C$4,"",IF(OR(Coleta!$G11="",Coleta!$G56=""),"",IF(Coleta!$G11=Coleta!$G56,1,0))) | L49: =IF(Coleta!$C11<>D$4,"",IF(OR(Coleta!$G11="",Coleta!$G56=""),"",IF(Coleta!$G11=Coleta!$G56,1,0))) -> 1
B50: =IF(Coleta!$C12=B$4,IF(Coleta!$M12="","",Coleta!$M12),"") -> 6.67 | C50: =IF(Coleta!$C12=C$4,IF(Coleta!$M12="","",Coleta!$M12),"") | D50: =IF(Coleta!$C12=D$4,IF(Coleta!$M12="","",Coleta!$M12),"") | F50: =IF(Coleta!$C12=B$4,IF(Coleta!$N12="","",Coleta!$N12),"") -> 3 | G50: =IF(Coleta!$C12=C$4,IF(Coleta!$N12="","",Coleta!$N12),"") | H50: =IF(Coleta!$C12=D$4,IF(Coleta!$N12="","",Coleta!$N12),"") | J50: =IF(Coleta!$C12<>B$4,"",IF(OR(Coleta!$G12="",Coleta!$G57=""),"",IF(Coleta!$G12=Coleta!$G57,1,0))) -> 1 | K50: =IF(Coleta!$C12<>C$4,"",IF(OR(Coleta!$G12="",Coleta!$G57=""),"",IF(Coleta!$G12=Coleta!$G57,1,0))) | L50: =IF(Coleta!$C12<>D$4,"",IF(OR(Coleta!$G12="",Coleta!$G57=""),"",IF(Coleta!$G12=Coleta!$G57,1,0)))
B51: =IF(Coleta!$C13=B$4,IF(Coleta!$M13="","",Coleta!$M13),"") | C51: =IF(Coleta!$C13=C$4,IF(Coleta!$M13="","",Coleta!$M13),"") -> 8.18 | D51: =IF(Coleta!$C13=D$4,IF(Coleta!$M13="","",Coleta!$M13),"") | F51: =IF(Coleta!$C13=B$4,IF(Coleta!$N13="","",Coleta!$N13),"") | G51: =IF(Coleta!$C13=C$4,IF(Coleta!$N13="","",Coleta!$N13),"") -> 7 | H51: =IF(Coleta!$C13=D$4,IF(Coleta!$N13="","",Coleta!$N13),"") | J51: =IF(Coleta!$C13<>B$4,"",IF(OR(Coleta!$G13="",Coleta!$G58=""),"",IF(Coleta!$G13=Coleta!$G58,1,0))) | K51: =IF(Coleta!$C13<>C$4,"",IF(OR(Coleta!$G13="",Coleta!$G58=""),"",IF(Coleta!$G13=Coleta!$G58,1,0))) -> 1 | L51: =IF(Coleta!$C13<>D$4,"",IF(OR(Coleta!$G13="",Coleta!$G58=""),"",IF(Coleta!$G13=Coleta!$G58,1,0)))
B52: =IF(Coleta!$C14=B$4,IF(Coleta!$M14="","",Coleta!$M14),"") | C52: =IF(Coleta!$C14=C$4,IF(Coleta!$M14="","",Coleta!$M14),"") | D52: =IF(Coleta!$C14=D$4,IF(Coleta!$M14="","",Coleta!$M14),"") -> 8.5 | F52: =IF(Coleta!$C14=B$4,IF(Coleta!$N14="","",Coleta!$N14),"") | G52: =IF(Coleta!$C14=C$4,IF(Coleta!$N14="","",Coleta!$N14),"") | H52: =IF(Coleta!$C14=D$4,IF(Coleta!$N14="","",Coleta!$N14),"") -> 4 | J52: =IF(Coleta!$C14<>B$4,"",IF(OR(Coleta!$G14="",Coleta!$G59=""),"",IF(Coleta!$G14=Coleta!$G59,1,0))) | K52: =IF(Coleta!$C14<>C$4,"",IF(OR(Coleta!$G14="",Coleta!$G59=""),"",IF(Coleta!$G14=Coleta!$G59,1,0))) | L52: =IF(Coleta!$C14<>D$4,"",IF(OR(Coleta!$G14="",Coleta!$G59=""),"",IF(Coleta!$G14=Coleta!$G59,1,0))) -> 1
... B85: =IF(Coleta!$C47=B$4,IF(Coleta!$M47="","",Coleta!$M47),"") | C85: =IF(Coleta!$C47=C$4,IF(Coleta!$M47="","",Coleta!$M47),"") | D85: =IF(Coleta!$C47=D$4,IF(Coleta!$M47="","",Coleta!$M47),"") -> 9.47 | F85: =IF(Coleta!$C47=B$4,IF(Coleta!$N47="","",Coleta!$N47),"") | G85: =IF(Coleta!$C47=C$4,IF(Coleta!$N47="","",Coleta!$N47),"") | H85: =IF(Coleta!$C47=D$4,IF(Coleta!$N47="","",Coleta!$N47),"") -> 22 | J85: =IF(Coleta!$C47<>B$4,"",IF(OR(Coleta!$G47="",Coleta!$G92=""),"",IF(Coleta!$G47=Coleta!$G92,1,0))) | K85: =IF(Coleta!$C47<>C$4,"",IF(OR(Coleta!$G47="",Coleta!$G92=""),"",IF(Coleta!$G47=Coleta!$G92,1,0))) | L85: =IF(Coleta!$C47<>D$4,"",IF(OR(Coleta!$G47="",Coleta!$G92=""),"",IF(Coleta!$G47=Coleta!$G92,1,0))) -> 1
B86: =IF(Coleta!$C48=B$4,IF(Coleta!$M48="","",Coleta!$M48),"") -> 10 | C86: =IF(Coleta!$C48=C$4,IF(Coleta!$M48="","",Coleta!$M48),"") | D86: =IF(Coleta!$C48=D$4,IF(Coleta!$M48="","",Coleta!$M48),"") | F86: =IF(Coleta!$C48=B$4,IF(Coleta!$N48="","",Coleta!$N48),"") -> 7 | G86: =IF(Coleta!$C48=C$4,IF(Coleta!$N48="","",Coleta!$N48),"") | H86: =IF(Coleta!$C48=D$4,IF(Coleta!$N48="","",Coleta!$N48),"")
B87: =IF(Coleta!$C49=B$4,IF(Coleta!$M49="","",Coleta!$M49),"") | C87: =IF(Coleta!$C49=C$4,IF(Coleta!$M49="","",Coleta!$M49),"") -> 10 | D87: =IF(Coleta!$C49=D$4,IF(Coleta!$M49="","",Coleta!$M49),"") | F87: =IF(Coleta!$C49=B$4,IF(Coleta!$N49="","",Coleta!$N49),"") | G87: =IF(Coleta!$C49=C$4,IF(Coleta!$N49="","",Coleta!$N49),"") -> 10 | H87: =IF(Coleta!$C49=D$4,IF(Coleta!$N49="","",Coleta!$N49),"")
B88: =IF(Coleta!$C50=B$4,IF(Coleta!$M50="","",Coleta!$M50),"") | C88: =IF(Coleta!$C50=C$4,IF(Coleta!$M50="","",Coleta!$M50),"") | D88: =IF(Coleta!$C50=D$4,IF(Coleta!$M50="","",Coleta!$M50),"") -> 9.12 | F88: =IF(Coleta!$C50=B$4,IF(Coleta!$N50="","",Coleta!$N50),"") | G88: =IF(Coleta!$C50=C$4,IF(Coleta!$N50="","",Coleta!$N50),"") | H88: =IF(Coleta!$C50=D$4,IF(Coleta!$N50="","",Coleta!$N50),"") -> 7
B89: =IF(Coleta!$C51=B$4,IF(Coleta!$M51="","",Coleta!$M51),"") -> 10 | C89: =IF(Coleta!$C51=C$4,IF(Coleta!$M51="","",Coleta!$M51),"") | D89: =IF(Coleta!$C51=D$4,IF(Coleta!$M51="","",Coleta!$M51),"") | F89: =IF(Coleta!$C51=B$4,IF(Coleta!$N51="","",Coleta!$N51),"") -> 4 | G89: =IF(Coleta!$C51=C$4,IF(Coleta!$N51="","",Coleta!$N51),"") | H89: =IF(Coleta!$C51=D$4,IF(Coleta!$N51="","",Coleta!$N51),"")
B90: =IF(Coleta!$C52=B$4,IF(Coleta!$M52="","",Coleta!$M52),"") | C90: =IF(Coleta!$C52=C$4,IF(Coleta!$M52="","",Coleta!$M52),"") -> 7.33 | D90: =IF(Coleta!$C52=D$4,IF(Coleta!$M52="","",Coleta!$M52),"") | F90: =IF(Coleta!$C52=B$4,IF(Coleta!$N52="","",Coleta!$N52),"") | G90: =IF(Coleta!$C52=C$4,IF(Coleta!$N52="","",Coleta!$N52),"") -> 6 | H90: =IF(Coleta!$C52=D$4,IF(Coleta!$N52="","",Coleta!$N52),"")
B91: =IF(Coleta!$C53=B$4,IF(Coleta!$M53="","",Coleta!$M53),"") | C91: =IF(Coleta!$C53=C$4,IF(Coleta!$M53="","",Coleta!$M53),"") | D91: =IF(Coleta!$C53=D$4,IF(Coleta!$M53="","",Coleta!$M53),"") -> 8.12 | F91: =IF(Coleta!$C53=B$4,IF(Coleta!$N53="","",Coleta!$N53),"") | G91: =IF(Coleta!$C53=C$4,IF(Coleta!$N53="","",Coleta!$N53),"") | H91: =IF(Coleta!$C53=D$4,IF(Coleta!$N53="","",Coleta!$N53),"") -> 5
B92: =IF(Coleta!$C54=B$4,IF(Coleta!$M54="","",Coleta!$M54),"") -> 10 | C92: =IF(Coleta!$C54=C$4,IF(Coleta!$M54="","",Coleta!$M54),"") | D92: =IF(Coleta!$C54=D$4,IF(Coleta!$M54="","",Coleta!$M54),"") | F92: =IF(Coleta!$C54=B$4,IF(Coleta!$N54="","",Coleta!$N54),"") -> 5 | G92: =IF(Coleta!$C54=C$4,IF(Coleta!$N54="","",Coleta!$N54),"") | H92: =IF(Coleta!$C54=D$4,IF(Coleta!$N54="","",Coleta!$N54),"")
B93: =IF(Coleta!$C55=B$4,IF(Coleta!$M55="","",Coleta!$M55),"") | C93: =IF(Coleta!$C55=C$4,IF(Coleta!$M55="","",Coleta!$M55),"") -> 7.62 | D93: =IF(Coleta!$C55=D$4,IF(Coleta!$M55="","",Coleta!$M55),"") | F93: =IF(Coleta!$C55=B$4,IF(Coleta!$N55="","",Coleta!$N55),"") | G93: =IF(Coleta!$C55=C$4,IF(Coleta!$N55="","",Coleta!$N55),"") -> 6 | H93: =IF(Coleta!$C55=D$4,IF(Coleta!$N55="","",Coleta!$N55),"")
B94: =IF(Coleta!$C56=B$4,IF(Coleta!$M56="","",Coleta!$M56),"") | C94: =IF(Coleta!$C56=C$4,IF(Coleta!$M56="","",Coleta!$M56),"") | D94: =IF(Coleta!$C56=D$4,IF(Coleta!$M56="","",Coleta!$M56),"") -> 7.27 | F94: =IF(Coleta!$C56=B$4,IF(Coleta!$N56="","",Coleta!$N56),"") | G94: =IF(Coleta!$C56=C$4,IF(Coleta!$N56="","",Coleta!$N56),"") | H94: =IF(Coleta!$C56=D$4,IF(Coleta!$N56="","",Coleta!$N56),"") -> 5
B95: =IF(Coleta!$C57=B$4,IF(Coleta!$M57="","",Coleta!$M57),"") -> 10 | C95: =IF(Coleta!$C57=C$4,IF(Coleta!$M57="","",Coleta!$M57),"") | D95: =IF(Coleta!$C57=D$4,IF(Coleta!$M57="","",Coleta!$M57),"") | F95: =IF(Coleta!$C57=B$4,IF(Coleta!$N57="","",Coleta!$N57),"") -> 3 | G95: =IF(Coleta!$C57=C$4,IF(Coleta!$N57="","",Coleta!$N57),"") | H95: =IF(Coleta!$C57=D$4,IF(Coleta!$N57="","",Coleta!$N57),"")
B96: =IF(Coleta!$C58=B$4,IF(Coleta!$M58="","",Coleta!$M58),"") | C96: =IF(Coleta!$C58=C$4,IF(Coleta!$M58="","",Coleta!$M58),"") -> 7.6 | D96: =IF(Coleta!$C58=D$4,IF(Coleta!$M58="","",Coleta!$M58),"") | F96: =IF(Coleta!$C58=B$4,IF(Coleta!$N58="","",Coleta!$N58),"") | G96: =IF(Coleta!$C58=C$4,IF(Coleta!$N58="","",Coleta!$N58),"") -> 8 | H96: =IF(Coleta!$C58=D$4,IF(Coleta!$N58="","",Coleta!$N58),"")
B97: =IF(Coleta!$C59=B$4,IF(Coleta!$M59="","",Coleta!$M59),"") | C97: =IF(Coleta!$C59=C$4,IF(Coleta!$M59="","",Coleta!$M59),"") | D97: =IF(Coleta!$C59=D$4,IF(Coleta!$M59="","",Coleta!$M59),"") -> 8.5 | F97: =IF(Coleta!$C59=B$4,IF(Coleta!$N59="","",Coleta!$N59),"") | G97: =IF(Coleta!$C59=C$4,IF(Coleta!$N59="","",Coleta!$N59),"") | H97: =IF(Coleta!$C59=D$4,IF(Coleta!$N59="","",Coleta!$N59),"") -> 4
... B130: =IF(Coleta!$C92=B$4,IF(Coleta!$M92="","",Coleta!$M92),"") | C130: =IF(Coleta!$C92=C$4,IF(Coleta!$M92="","",Coleta!$M92),"") | D130: =IF(Coleta!$C92=D$4,IF(Coleta!$M92="","",Coleta!$M92),"") -> 8.33 | F130: =IF(Coleta!$C92=B$4,IF(Coleta!$N92="","",Coleta!$N92),"") | G130: =IF(Coleta!$C92=C$4,IF(Coleta!$N92="","",Coleta!$N92),"") | H130: =IF(Coleta!$C92=D$4,IF(Coleta!$N92="","",Coleta!$N92),"") -> 22
